20;PCUNode3ABS;0x3f800000;200000
20;PCUNode3ABS;0x3f800000;200000
20;PCUNode3ABS;0x3f800000;200000
20;PCUNode3ABS;0x3f800000;200000
20;PCUNode3ABS;0x3f800000;200000
20;PCUNode3ABS;0x3f800000;200000
20;PCUNode3ABS;0x3f800000;200000
20;PCUNode3ABS;0x3f800000;200000
20;PCUNode3ABS;0x3f800000;200000
20;PCUNode3ABS;0x3f800000;200000
20;PCUNode3ABS;0x3f800000;200000
20;PCUNode3ABS;0x3f800000;200000
20;PCUNode3ABS;0x3f800000;200000
20;PCUNode3ABS;0x3f800000;200000
20;PCUNode3ABS;0x3f800000;200000
20;PCUNode3ABS;0x3f800000;200000
20;PCUNode3ABS;0x3f800000;200000
20;PCUNode3ABS;0x3f800000;200000
20;PCUNode3ABS;0x3f800000;200000
20;PCUNode3ABS;0x3f800000;200000
20;PCUNode3ABS;0x3f800000;200000
20;PCUNode3ABS;0x3f800000;200000
20;PCUNode3ABS;0x3f800000;200000
20;PCUNode3ABS;0x3f800000;200000
20;PCUNode3ABS;0x3f800000;200000
20;PCUNode3ABS;0x3f800000;200000
20;PCUNode3ABS;0x3f800000;200000
20;PCUNode3ABS;0x3f800000;200000
20;PCUNode3ABS;0x3f800000;200000
20;PCUNode3ABS;0x3f800000;200000
20;PCUNode3ABS;0x3f800000;200000
20;PCUNode3ABS;0x3f800000;200000
20;PCUNode3ABS;0x3f800000;200000
20;PCUNode3ABS;0x3f800000;200000
20;PCUNode3ABS;0x3f800000;200000
20;PCUNode3ABS;0x3f800000;200000
20;PCUNode3ABS;0x3f800000;200000
20;PCUNode3ABS;0x3f800000;200000
20;PCUNode3ABS;0x3f800000;200000
20;PCUNode3ABS;0x3f800000;200000
20;PCUNode3ABS;0x3f800000;200000
20;PCUNode3ABS;0x3f800000;200000
20;PCUNode3ABS;0x3f800000;200000
20;PCUNode3ABS;0x3f800000;200000
20;PCUNode3ABS;0x3f800000;200000
20;PCUNode3ABS;0x3f800000;200000
20;PCUNode3ABS;0x3f800000;200000
20;PCUNode3ABS;0x3f800000;200000
20;PCUNode3ABS;0x3f800000;200000
20;PCUNode3ABS;0x3f800000;200000
20;PCUNode3ABS;0x3f800000;200000
20;PCUNode3ABS;0x3f800000;200000
20;PCUNode3ABS;0x3f800000;200000
20;PCUNode3ABS;0x3f800000;200000
20;PCUNode3ABS;0x3f800000;200000
20;PCUNode3ABS;0x3f800000;200000
20;PCUNode3ABS;0x3f800000;200000
20;PCUNode3ABS;0x3f800000;200000
20;PCUNode3ABS;0x3f800000;200000
20;PCUNode3ABS;0x3f800000;200000
20;PCUNode3ABS;0x3f800000;200000
20;PCUNode3ABS;0x3f800000;200000
20;PCUNode3ABS;0x3f800000;200000
20;PCUNode3ABS;0x3f800000;200000
20;PCUNode3ABS;0x3f800000;200000
20;PCUNode3ABS;0x3f800000;200000
20;PCUNode3ABS;0x3f800000;200000
20;PCUNode3ABS;0x3f800000;200000
20;PCUNode3ABS;0x3f800000;200000
20;PCUNode3ABS;0x3f800000;200000
20;PCUNode3ABS;0x3f800000;200000
20;PCUNode3ABS;0x3f800000;200000
20;PCUNode3ABS;0x3f800000;200000
20;PCUNode3ABS;0x3f800000;200000
20;PCUNode3ABS;0x3f800000;200000
20;PCUNode3ABS;0x3f800000;200000
20;PCUNode3ABS;0x3f800000;200000
20;PCUNode3ABS;0x3f800000;200000
20;PCUNode3ABS;0x3f800000;200000
20;PCUNode3ABS;0x3f800000;200000
20;PCUNode3ABS;0x3f800000;200000
20;PCUNode3ABS;0x3f800000;200000
20;PCUNode3ABS;0x3f800000;200000
20;PCUNode3ABS;0x3f800000;200000
20;PCUNode3ABS;0x3f800000;200000
20;PCUNode3ABS;0x3f800000;200000
20;PCUNode3ABS;0x3f800000;200000
20;PCUNode3ABS;0x3f800000;200000
20;PCUNode3ABS;0x3f800000;200000
20;PCUNode3ABS;0x3f800000;200000
20;PCUNode3ABS;0x3f800000;200000
20;PCUNode3ABS;0x3f800000;200000
20;PCUNode3ABS;0x3f800000;200000
20;PCUNode3ABS;0x3f800000;200000
20;PCUNode3ABS;0x3f800000;200000
20;PCUNode3ABS;0x3f800000;200000
20;PCUNode3ABS;0x3f800000;200000
20;PCUNode3ABS;0x3f800000;200000
20;PCUNode3ABS;0x3f800000;200000
20;PCUNode3ABS;0x3f800000;200000
20;PCUNode3ABS;0x3f800000;200000
20;PCUNode3ABS;0x3f800000;200000
20;PCUNode3ABS;0x3f800000;200000
20;PCUNode3ABS;0x3f800000;200000
20;PCUNode3ABS;0x3f800000;200000
20;PCUNode3ABS;0x3f800000;200000
20;PCUNode3ABS;0x3f800000;200000
20;PCUNode3ABS;0x3f800000;200000
20;PCUNode3ABS;0x3f800000;200000
20;PCUNode3ABS;0x3f800000;200000
20;PCUNode3ABS;0x3f800000;200000
20;PCUNode3ABS;0x3f800000;200000
20;PCUNode3ABS;0x3f800000;200000
20;PCUNode3ABS;0x3f800000;200000
20;PCUNode3ABS;0x3f800000;200000
20;PCUNode3ABS;0x3f800000;200000
20;PCUNode3ABS;0x3f800000;200000
20;PCUNode3ABS;0x3f800000;200000
20;PCUNode3ABS;0x3f800000;200000
20;PCUNode3ABS;0x3f800000;200000
20;PCUNode3ABS;0x3f800000;200000
20;PCUNode3ABS;0x3f800000;200000
20;PCUNode3ABS;0x3f800000;200000
20;PCUNode3ABS;0x3f800000;200000
20;PCUNode3ABS;0x3f800000;200000
20;PCUNode3ABS;0x3f800000;200000
20;PCUNode3ABS;0x3f800000;200000
20;PCUNode3ABS;0x3f800000;200000
20;PCUNode3ABS;0x3f800000;200000
20;PCUNode3ABS;0x3f800000;200000
20;PCUNode3ABS;0x3f800000;200000
20;PCUNode3ABS;0x3f800000;200000
20;PCUNode3ABS;0x3f800000;200000
20;PCUNode3ABS;0x3f800000;200000
20;PCUNode3ABS;0x3f800000;200000
20;PCUNode3ABS;0x3f800000;200000
20;PCUNode3ABS;0x3f800000;200000
20;PCUNode3ABS;0x3f800000;200000
20;PCUNode3ABS;0x3f800000;200000
20;PCUNode3ABS;0x3f800000;200000
20;PCUNode3ABS;0x3f800000;200000
20;PCUNode3ABS;0x3f800000;200000
20;PCUNode3ABS;0x3f800000;200000
20;PCUNode3ABS;0x3f800000;200000
20;PCUNode3ABS;0x3f800000;200000
20;PCUNode3ABS;0x3f800000;200000
20;PCUNode3ABS;0x3f800000;200000
20;PCUNode3ABS;0x3f800000;200000
20;PCUNode3ABS;0x3f800000;200000
20;PCUNode3ABS;0x3f800000;200000
20;PCUNode3ABS;0x3f800000;200000
20;PCUNode3ABS;0x3f800000;200000
20;PCUNode3ABS;0x3f800000;200000
20;PCUNode3ABS;0x3f800000;200000
20;PCUNode3ABS;0x3f800000;200000
20;PCUNode3ABS;0x3f800000;200000
20;PCUNode3ABS;0x3f800000;200000
20;PCUNode3ABS;0x3f800000;200000
20;PCUNode3ABS;0x3f800000;200000
20;PCUNode3ABS;0x3f800000;200000
20;PCUNode3ABS;0x3f800000;200000
20;PCUNode3ABS;0x3f800000;200000
20;PCUNode3ABS;0x3f800000;200000
20;PCUNode3ABS;0x3f800000;200000
20;PCUNode3ABS;0x3f800000;200000
20;PCUNode3ABS;0x3f800000;200000
20;PCUNode3ABS;0x3f800000;200000
20;PCUNode3ABS;0x3f800000;200000
20;PCUNode3ABS;0x3f800000;200000
20;PCUNode3ABS;0x3f800000;200000
20;PCUNode3ABS;0x3f800000;200000
20;PCUNode3ABS;0x3f800000;200000
20;PCUNode3ABS;0x3f800000;200000
20;PCUNode3ABS;0x3f800000;200000
20;PCUNode3ABS;0x3f800000;200000
20;PCUNode3ABS;0x3f800000;200000
20;PCUNode3ABS;0x3f800000;200000
20;PCUNode3ABS;0x3f800000;200000
20;PCUNode3ABS;0x3f800000;200000
20;PCUNode3ABS;0x3f800000;200000
20;PCUNode3ABS;0x3f800000;200000
20;PCUNode3ABS;0x3f800000;200000
20;PCUNode3ABS;0x3f800000;200000
20;PCUNode3ABS;0x3f800000;200000
20;PCUNode3ABS;0x3f800000;200000
20;PCUNode3ABS;0x3f800000;200000
20;PCUNode3ABS;0x3f800000;200000
20;PCUNode3ABS;0x3f800000;200000
20;PCUNode3ABS;0x3f800000;200000
20;PCUNode3ABS;0x3f800000;200000
20;PCUNode3ABS;0x3f800000;200000
20;PCUNode3ABS;0x3f800000;200000
20;PCUNode3ABS;0x3f800000;200000
20;PCUNode3ABS;0x3f800000;200000
20;PCUNode3ABS;0x3f800000;200000
20;PCUNode3ABS;0x3f800000;200000
20;PCUNode3ABS;0x3f800000;200000
20;PCUNode3ABS;0x3f800000;200000
20;PCUNode3ABS;0x3f800000;200000
20;PCUNode3ABS;0x3f800000;200000
20;PCUNode3ABS;0x3f800000;200000
20;PCUNode3ABS;0x3f800000;200000
20;PCUNode3ABS;0x3f800000;200000
20;PCUNode3ABS;0x3f800000;200000
20;PCUNode3ABS;0x3f800000;200000
20;PCUNode3ABS;0x3f800000;200000
20;PCUNode3ABS;0x3f800000;200000
20;PCUNode3ABS;0x3f800000;200000
20;PCUNode3ABS;0x3f800000;200000
20;PCUNode3ABS;0x3f800000;200000
20;PCUNode3ABS;0x3f800000;200000
20;PCUNode3ABS;0x3f800000;200000
20;PCUNode3ABS;0x3f800000;200000
20;PCUNode3ABS;0x3f800000;200000
20;PCUNode3ABS;0x3f800000;200000
20;PCUNode3ABS;0x3f800000;200000
20;PCUNode3ABS;0x3f800000;200000
20;PCUNode3ABS;0x3f800000;200000
20;PCUNode3ABS;0x3f800000;200000
20;PCUNode3ABS;0x3f800000;200000
20;PCUNode3ABS;0x3f800000;200000
20;PCUNode3ABS;0x3f800000;200000
20;PCUNode3ABS;0x3f800000;200000
20;PCUNode3ABS;0x3f800000;200000
20;PCUNode3ABS;0x3f800000;200000
20;PCUNode3ABS;0x3f800000;200000
20;PCUNode3ABS;0x3f800000;200000
20;PCUNode3ABS;0x3f800000;200000
20;PCUNode3ABS;0x3f800000;200000
20;PCUNode3ABS;0x3f800000;200000
20;PCUNode3ABS;0x3f800000;200000
20;PCUNode3ABS;0x3f800000;200000
20;PCUNode3ABS;0x3f800000;200000
20;PCUNode3ABS;0x3f800000;200000
20;PCUNode3ABS;0x3f800000;200000
20;PCUNode3ABS;0x3f800000;200000
20;PCUNode3ABS;0x3f800000;200000
20;PCUNode3ABS;0x3f800000;200000
20;PCUNode3ABS;0x3f800000;200000
20;PCUNode3ABS;0x3f800000;200000
20;PCUNode3ABS;0x3f800000;200000
20;PCUNode3ABS;0x3f800000;200000
20;PCUNode3ABS;0x3f800000;200000
20;PCUNode3ABS;0x3f800000;200000
20;PCUNode3ABS;0x3f800000;200000
20;PCUNode3ABS;0x3f800000;200000
20;PCUNode3ABS;0x3f800000;200000
20;PCUNode3ABS;0x3f800000;200000
20;PCUNode3ABS;0x3f800000;200000
20;PCUNode3ABS;0x3f800000;200000
20;PCUNode3ABS;0x3f800000;200000
20;PCUNode3ABS;0x3f800000;200000
20;PCUNode3ABS;0x3f800000;200000
20;PCUNode3ABS;0x3f800000;200000
20;PCUNode3ABS;0x3f800000;200000
20;PCUNode3ABS;0x3f800000;200000
20;PCUNode3ABS;0x3f800000;200000
20;PCUNode3ABS;0x3f800000;200000
20;PCUNode3ABS;0x3f800000;200000
20;PCUNode3ABS;0x3f800000;200000
20;PCUNode3ABS;0x3f800000;200000
20;PCUNode3ABS;0x3f800000;200000
20;PCUNode3ABS;0x3f800000;200000
20;PCUNode3ABS;0x3f800000;200000
20;PCUNode3ABS;0x3f800000;200000
20;PCUNode3ABS;0x3f800000;200000
20;PCUNode3ABS;0x3f800000;200000
20;PCUNode3ABS;0x3f800000;200000
20;PCUNode3ABS;0x3f800000;200000
20;PCUNode3ABS;0x3f800000;200000
20;PCUNode3ABS;0x3f800000;200000
20;PCUNode3ABS;0x3f800000;200000
20;PCUNode3ABS;0x3f800000;200000
20;PCUNode3ABS;0x3f800000;200000
20;PCUNode3ABS;0x3f800000;200000
20;PCUNode3ABS;0x3f800000;200000
20;PCUNode3ABS;0x3f800000;200000
20;PCUNode3ABS;0x3f800000;200000
20;PCUNode3ABS;0x3f800000;200000
20;PCUNode3ABS;0x3f800000;200000
20;PCUNode3ABS;0x3f800000;200000
20;PCUNode3ABS;0x3f800000;200000
20;PCUNode3ABS;0x3f800000;200000
20;PCUNode3ABS;0x3f800000;200000
20;PCUNode3ABS;0x3f800000;200000
20;PCUNode3ABS;0x3f800000;200000
20;PCUNode3ABS;0x3f800000;200000
20;PCUNode3ABS;0x3f800000;200000
20;PCUNode3ABS;0x3f800000;200000
20;PCUNode3ABS;0x3f800000;200000
20;PCUNode3ABS;0x3f800000;200000
20;PCUNode3ABS;0x3f800000;200000
20;PCUNode3ABS;0x3f800000;200000
20;PCUNode3ABS;0x3f800000;200000
20;PCUNode3ABS;0x3f800000;200000
20;PCUNode3ABS;0x3f800000;200000
20;PCUNode3ABS;0x3f800000;200000
20;PCUNode3ABS;0x3f800000;200000
20;PCUNode3ABS;0x3f800000;200000
20;PCUNode3ABS;0x3f800000;200000
20;PCUNode3ABS;0x3f800000;200000
20;PCUNode3ABS;0x3f800000;200000
20;PCUNode3ABS;0x3f800000;200000
20;PCUNode3ABS;0x3f800000;200000
20;PCUNode3ABS;0x3f800000;200000
20;PCUNode3ABS;0x3f800000;200000
20;PCUNode3ABS;0x3f800000;200000
20;PCUNode3ABS;0x3f800000;200000
20;PCUNode3ABS;0x3f800000;200000
20;PCUNode3ABS;0x3f800000;200000
20;PCUNode3ABS;0x3f800000;200000
20;PCUNode3ABS;0x3f800000;200000
20;PCUNode3ABS;0x3f800000;200000
20;PCUNode3ABS;0x3f800000;200000
20;PCUNode3ABS;0x3f800000;200000
20;PCUNode3ABS;0x3f800000;200000
20;PCUNode3ABS;0x3f800000;200000
20;PCUNode3ABS;0x3f800000;200000
20;PCUNode3ABS;0x3f800000;200000
20;PCUNode3ABS;0x3f800000;200000
20;PCUNode3ABS;0x3f800000;200000
20;PCUNode3ABS;0x3f800000;200000
20;PCUNode3ABS;0x3f800000;200000
20;PCUNode3ABS;0x3f800000;200000
20;PCUNode3ABS;0x3f800000;200000
20;PCUNode3ABS;0x3f800000;200000
20;PCUNode3ABS;0x3f800000;200000
20;PCUNode3ABS;0x3f800000;200000
20;PCUNode3ABS;0x3f800000;200000
20;PCUNode3ABS;0x3f800000;200000
20;PCUNode3ABS;0x3f800000;200000
20;PCUNode3ABS;0x3f800000;200000
20;PCUNode3ABS;0x3f800000;200000
20;PCUNode3ABS;0x3f800000;200000
20;PCUNode3ABS;0x3f800000;200000
20;PCUNode3ABS;0x3f800000;200000
20;PCUNode3ABS;0x3f800000;200000
20;PCUNode3ABS;0x3f800000;200000
20;PCUNode3ABS;0x3f800000;200000
20;PCUNode3ABS;0x3f800000;200000
20;PCUNode3ABS;0x3f800000;200000
20;PCUNode3ABS;0x3f800000;200000
20;PCUNode3ABS;0x3f800000;200000
20;PCUNode3ABS;0x3f800000;200000
20;PCUNode3ABS;0x3f800000;200000
20;PCUNode3ABS;0x3f800000;200000
20;PCUNode3ABS;0x3f800000;200000
20;PCUNode3ABS;0x3f800000;200000
20;PCUNode3ABS;0x3f800000;200000
20;PCUNode3ABS;0x3f800000;200000
20;PCUNode3ABS;0x3f800000;200000
20;PCUNode3ABS;0x3f800000;200000
20;PCUNode3ABS;0x3f800000;200000
20;PCUNode3ABS;0x3f800000;200000
20;PCUNode3ABS;0x3f800000;200000
20;PCUNode3ABS;0x3f800000;200000
20;PCUNode3ABS;0x3f800000;200000
20;PCUNode3ABS;0x3f800000;200000
20;PCUNode3ABS;0x3f800000;200000
20;PCUNode3ABS;0x3f800000;200000
20;PCUNode3ABS;0x3f800000;200000
20;PCUNode3ABS;0x3f800000;200000
20;PCUNode3ABS;0x3f800000;200000
20;PCUNode3ABS;0x3f800000;200000
20;PCUNode3ABS;0x3f800000;200000
20;PCUNode3ABS;0x3f800000;200000
20;PCUNode3ABS;0x3f800000;200000
20;PCUNode3ABS;0x3f800000;200000
20;PCUNode3ABS;0x3f800000;200000
20;PCUNode3ABS;0x3f800000;200000
20;PCUNode3ABS;0x3f800000;200000
20;PCUNode3ABS;0x3f800000;200000
20;PCUNode3ABS;0x3f800000;200000
20;PCUNode3ABS;0x3f800000;200000
20;PCUNode3ABS;0x3f800000;200000
20;PCUNode3ABS;0x3f800000;200000
20;PCUNode3ABS;0x3f800000;200000
20;PCUNode3ABS;0x3f800000;200000
20;PCUNode3ABS;0x3f800000;200000
20;PCUNode3ABS;0x3f800000;200000
20;PCUNode3ABS;0x3f800000;200000
20;PCUNode3ABS;0x3f800000;200000
20;PCUNode3ABS;0x3f800000;200000
20;PCUNode3ABS;0x3f800000;200000
20;PCUNode3ABS;0x3f800000;200000
20;PCUNode3ABS;0x3f800000;200000
20;PCUNode3ABS;0x3f800000;200000
20;PCUNode3ABS;0x3f800000;200000
20;PCUNode3ABS;0x3f800000;200000
20;PCUNode3ABS;0x3f800000;200000
20;PCUNode3ABS;0x3f800000;200000
20;PCUNode3ABS;0x3f800000;200000
20;PCUNode3ABS;0x3f800000;200000
20;PCUNode3ABS;0x3f800000;200000
20;PCUNode3ABS;0x3f800000;200000
20;PCUNode3ABS;0x3f800000;200000
20;PCUNode3ABS;0x3f800000;200000
20;PCUNode3ABS;0x3f800000;200000
20;PCUNode3ABS;0x3f800000;200000
20;PCUNode3ABS;0x3f800000;200000
20;PCUNode3ABS;0x3f800000;200000
20;PCUNode3ABS;0x3f800000;200000
20;PCUNode3ABS;0x3f800000;200000
20;PCUNode3ABS;0x3f800000;200000
20;PCUNode3ABS;0x3f800000;200000
20;PCUNode3ABS;0x3f800000;200000
20;PCUNode3ABS;0x3f800000;200000
20;PCUNode3ABS;0x3f800000;200000
20;PCUNode3ABS;0x3f800000;200000
20;PCUNode3ABS;0x3f800000;200000
20;PCUNode3ABS;0x3f800000;200000
20;PCUNode3ABS;0x3f800000;200000
20;PCUNode3ABS;0x3f800000;200000
20;PCUNode3ABS;0x3f800000;200000
20;PCUNode3ABS;0x3f800000;200000
20;PCUNode3ABS;0x3f800000;200000
20;PCUNode3ABS;0x3f800000;200000
20;PCUNode3ABS;0x3f800000;200000
20;PCUNode3ABS;0x3f800000;200000
20;PCUNode3ABS;0x3f800000;200000
20;PCUNode3ABS;0x3f800000;200000
20;PCUNode3ABS;0x3f800000;200000
20;PCUNode3ABS;0x3f800000;200000
20;PCUNode3ABS;0x3f800000;200000
20;PCUNode3ABS;0x3f800000;200000
20;PCUNode3ABS;0x3f800000;200000
20;PCUNode3ABS;0x3f800000;200000
20;PCUNode3ABS;0x3f800000;200000
20;PCUNode3ABS;0x3f800000;200000
20;PCUNode3ABS;0x3f800000;200000
20;PCUNode3ABS;0x3f800000;200000
20;PCUNode3ABS;0x3f800000;200000
20;PCUNode3ABS;0x3f800000;200000
20;PCUNode3ABS;0x3f800000;200000
20;PCUNode3ABS;0x3f800000;200000
20;PCUNode3ABS;0x3f800000;200000
20;PCUNode3ABS;0x3f800000;200000
20;PCUNode3ABS;0x3f800000;200000
20;PCUNode3ABS;0x3f800000;200000
20;PCUNode3ABS;0x3f800000;200000
20;PCUNode3ABS;0x3f800000;200000
20;PCUNode3ABS;0x3f800000;200000
20;PCUNode3ABS;0x3f800000;200000
20;PCUNode3ABS;0x3f800000;200000
20;PCUNode3ABS;0x3f800000;200000
20;PCUNode3ABS;0x3f800000;200000
20;PCUNode3ABS;0x3f800000;200000
20;PCUNode3ABS;0x3f800000;200000
20;PCUNode3ABS;0x3f800000;200000
20;PCUNode3ABS;0x3f800000;200000
20;PCUNode3ABS;0x3f800000;200000
20;PCUNode3ABS;0x3f800000;200000
20;PCUNode3ABS;0x3f800000;200000
20;PCUNode3ABS;0x3f800000;200000
20;PCUNode3ABS;0x3f800000;200000
20;PCUNode3ABS;0x3f800000;200000
20;PCUNode3ABS;0x3f800000;200000
20;PCUNode3ABS;0x3f800000;200000
20;PCUNode3ABS;0x3f800000;200000
20;PCUNode3ABS;0x3f800000;200000
20;PCUNode3ABS;0x3f800000;200000
20;PCUNode3ABS;0x3f800000;200000
20;PCUNode3ABS;0x3f800000;200000
20;PCUNode3ABS;0x3f800000;200000
20;PCUNode3ABS;0x3f800000;200000
20;PCUNode3ABS;0x3f800000;200000
20;PCUNode3ABS;0x3f800000;200000
20;PCUNode3ABS;0x3f800000;200000
20;PCUNode3ABS;0x3f800000;200000
20;PCUNode3ABS;0x3f800000;200000
20;PCUNode3ABS;0x3f800000;200000
20;PCUNode3ABS;0x3f800000;200000
20;PCUNode3ABS;0x3f800000;200000
20;PCUNode3ABS;0x3f800000;200000
20;PCUNode3ABS;0x3f800000;200000
20;PCUNode3ABS;0x3f800000;200000
20;PCUNode3ABS;0x3f800000;200000
20;PCUNode3ABS;0x3f800000;200000
20;PCUNode3ABS;0x3f800000;200000
20;PCUNode3ABS;0x3f800000;200000
20;PCUNode3ABS;0x3f800000;200000
20;PCUNode3ABS;0x3f800000;200000
20;PCUNode3ABS;0x3f800000;200000
20;PCUNode3ABS;0x3f800000;200000
20;PCUNode3ABS;0x3f800000;200000
20;PCUNode3ABS;0x3f800000;200000
20;PCUNode3ABS;0x3f800000;200000
20;PCUNode3ABS;0x3f800000;200000
20;PCUNode3ABS;0x3f800000;200000
20;PCUNode3ABS;0x3f800000;200000
20;PCUNode3ABS;0x3f800000;200000
20;PCUNode3ABS;0x3f800000;200000
20;PCUNode3ABS;0x3f800000;200000
20;PCUNode3ABS;0x3f800000;200000
20;PCUNode3ABS;0x3f800000;200000
20;PCUNode3ABS;0x3f800000;200000
20;PCUNode3ABS;0x3f800000;200000
20;PCUNode3ABS;0x3f800000;200000
20;PCUNode3ABS;0x3f800000;200000
20;PCUNode3ABS;0x3f800000;200000
20;PCUNode3ABS;0x3f800000;200000
20;PCUNode3ABS;0x3f800000;200000
20;PCUNode3ABS;0x3f800000;200000
20;PCUNode3ABS;0x3f800000;200000
20;PCUNode3ABS;0x3f800000;200000
20;PCUNode3ABS;0x3f800000;200000
20;PCUNode3ABS;0x3f800000;200000
20;PCUNode3ABS;0x3f800000;200000
20;PCUNode3ABS;0x3f800000;200000
20;PCUNode3ABS;0x3f800000;200000
20;PCUNode3ABS;0x3f800000;200000
20;PCUNode3ABS;0x3f800000;200000
20;PCUNode3ABS;0x3f800000;200000
20;PCUNode3ABS;0x3f800000;200000
20;PCUNode3ABS;0x3f800000;200000
20;PCUNode3ABS;0x3f800000;200000
20;PCUNode3ABS;0x3f800000;200000
20;PCUNode3ABS;0x3f800000;200000
20;PCUNode3ABS;0x3f800000;200000
20;PCUNode3ABS;0x3f800000;200000
20;PCUNode3ABS;0x3f800000;200000
20;PCUNode3ABS;0x3f800000;200000
20;PCUNode3ABS;0x3f800000;200000
20;PCUNode3ABS;0x3f800000;200000
20;PCUNode3ABS;0x3f800000;200000
20;PCUNode3ABS;0x3f800000;200000
20;PCUNode3ABS;0x3f800000;200000
20;PCUNode3ABS;0x3f800000;200000
20;PCUNode3ABS;0x3f800000;200000
20;PCUNode3ABS;0x3f800000;200000
20;PCUNode3ABS;0x3f800000;200000
20;PCUNode3ABS;0x3f800000;200000
20;PCUNode3ABS;0x3f800000;200000
20;PCUNode3ABS;0x3f800000;200000
20;PCUNode3ABS;0x3f800000;200000
20;PCUNode3ABS;0x3f800000;200000
20;PCUNode3ABS;0x3f800000;200000
20;PCUNode3ABS;0x3f800000;200000
20;PCUNode3ABS;0x3f800000;200000
20;PCUNode3ABS;0x3f800000;200000
20;PCUNode3ABS;0x3f800000;200000
20;PCUNode3ABS;0x3f800000;200000
20;PCUNode3ABS;0x3f800000;200000
20;PCUNode3ABS;0x3f800000;200000
20;PCUNode3ABS;0x3f800000;200000
20;PCUNode3ABS;0x3f800000;200000
20;PCUNode3ABS;0x3f800000;200000
20;PCUNode3ABS;0x3f800000;200000
20;PCUNode3ABS;0x3f800000;200000
20;PCUNode3ABS;0x3f800000;200000
20;PCUNode3ABS;0x3f800000;200000
20;PCUNode3ABS;0x3f800000;200000
20;PCUNode3ABS;0x3f800000;200000
20;PCUNode3ABS;0x3f800000;200000
20;PCUNode3ABS;0x3f800000;200000
20;PCUNode3ABS;0x3f800000;200000
20;PCUNode3ABS;0x3f800000;200000
20;PCUNode3ABS;0x3f800000;200000
20;PCUNode3ABS;0x3f800000;200000
20;PCUNode3ABS;0x3f800000;200000
20;PCUNode3ABS;0x3f800000;200000
20;PCUNode3ABS;0x3f800000;200000
20;PCUNode3ABS;0x3f800000;200000
20;PCUNode3ABS;0x3f800000;200000
20;PCUNode3ABS;0x3f800000;200000
20;PCUNode3ABS;0x3f800000;200000
20;PCUNode3ABS;0x3f800000;200000
20;PCUNode3ABS;0x3f800000;200000
20;PCUNode3ABS;0x3f800000;200000
20;PCUNode3ABS;0x3f800000;200000
20;PCUNode3ABS;0x3f800000;200000
20;PCUNode3ABS;0x3f800000;200000
20;PCUNode3ABS;0x3f800000;200000
20;PCUNode3ABS;0x3f800000;200000
20;PCUNode3ABS;0x3f800000;200000
20;PCUNode3ABS;0x3f800000;200000
20;PCUNode3ABS;0x3f800000;200000
20;PCUNode3ABS;0x3f800000;200000
20;PCUNode3ABS;0x3f800000;200000
20;PCUNode3ABS;0x3f800000;200000
20;PCUNode3ABS;0x3f800000;200000
20;PCUNode3ABS;0x3f800000;200000
20;PCUNode3ABS;0x3f800000;200000
20;PCUNode3ABS;0x3f800000;200000
20;PCUNode3ABS;0x3f800000;200000
20;PCUNode3ABS;0x3f800000;200000
20;PCUNode3ABS;0x3f800000;200000
20;PCUNode3ABS;0x3f800000;200000
20;PCUNode3ABS;0x3f800000;200000
20;PCUNode3ABS;0x3f800000;200000
20;PCUNode3ABS;0x3f800000;200000
20;PCUNode3ABS;0x3f800000;200000
20;PCUNode3ABS;0x3f800000;200000
20;PCUNode3ABS;0x3f800000;200000
20;PCUNode3ABS;0x3f800000;200000
20;PCUNode3ABS;0x3f800000;200000
20;PCUNode3ABS;0x3f800000;200000
20;PCUNode3ABS;0x3f800000;200000
20;PCUNode3ABS;0x3f800000;200000
20;PCUNode3ABS;0x3f800000;200000
20;PCUNode3ABS;0x3f800000;200000
20;PCUNode3ABS;0x3f800000;200000
20;PCUNode3ABS;0x3f800000;200000
20;PCUNode3ABS;0x3f800000;200000
20;PCUNode3ABS;0x3f800000;200000
20;PCUNode3ABS;0x3f800000;200000
20;PCUNode3ABS;0x3f800000;200000
20;PCUNode3ABS;0x3f800000;200000
20;PCUNode3ABS;0x3f800000;200000
20;PCUNode3ABS;0x3f800000;200000
20;PCUNode3ABS;0x3f800000;200000
20;PCUNode3ABS;0x3f800000;200000
20;PCUNode3ABS;0x3f800000;200000
20;PCUNode3ABS;0x3f800000;200000
20;PCUNode3ABS;0x3f800000;200000
20;PCUNode3ABS;0x3f800000;200000
20;PCUNode3ABS;0x3f800000;200000
20;PCUNode3ABS;0x3f800000;200000
20;PCUNode3ABS;0x3f800000;200000
20;PCUNode3ABS;0x3f800000;200000
20;PCUNode3ABS;0x3f800000;200000
20;PCUNode3ABS;0x3f800000;200000
20;PCUNode3ABS;0x3f800000;200000
20;PCUNode3ABS;0x3f800000;200000
20;PCUNode3ABS;0x3f800000;200000
20;PCUNode3ABS;0x3f800000;200000
20;PCUNode3ABS;0x3f800000;200000
20;PCUNode3ABS;0x3f800000;200000
20;PCUNode3ABS;0x3f800000;200000
20;PCUNode3ABS;0x3f800000;200000
20;PCUNode3ABS;0x3f800000;200000
20;PCUNode3ABS;0x3f800000;200000
20;PCUNode3ABS;0x3f800000;200000
20;PCUNode3ABS;0x3f800000;200000
20;PCUNode3ABS;0x3f800000;200000
20;PCUNode3ABS;0x3f800000;200000
20;PCUNode3ABS;0x3f800000;200000
20;PCUNode3ABS;0x3f800000;200000
20;PCUNode3ABS;0x3f800000;200000
20;PCUNode3ABS;0x3f800000;200000
20;PCUNode3ABS;0x3f800000;200000
20;PCUNode3ABS;0x3f800000;200000
20;PCUNode3ABS;0x3f800000;200000
20;PCUNode3ABS;0x3f800000;200000
20;PCUNode3ABS;0x3f800000;200000
20;PCUNode3ABS;0x3f800000;200000
20;PCUNode3ABS;0x3f800000;200000
20;PCUNode3ABS;0x3f800000;200000
20;PCUNode3ABS;0x3f800000;200000
20;PCUNode3ABS;0x3f800000;200000
20;PCUNode3ABS;0x3f800000;200000
20;PCUNode3ABS;0x3f800000;200000
20;PCUNode3ABS;0x3f800000;200000
20;PCUNode3ABS;0x3f800000;200000
20;PCUNode3ABS;0x3f800000;200000
20;PCUNode3ABS;0x3f800000;200000
20;PCUNode3ABS;0x3f800000;200000
20;PCUNode3ABS;0x3f800000;200000
20;PCUNode3ABS;0x3f800000;200000
20;PCUNode3ABS;0x3f800000;200000
20;PCUNode3ABS;0x3f800000;200000
20;PCUNode3ABS;0x3f800000;200000
20;PCUNode3ABS;0x3f800000;200000
20;PCUNode3ABS;0x3f800000;200000
20;PCUNode3ABS;0x3f800000;200000
20;PCUNode3ABS;0x3f800000;200000
20;PCUNode3ABS;0x3f800000;200000
20;PCUNode3ABS;0x3f800000;200000
20;PCUNode3ABS;0x3f800000;200000
20;PCUNode3ABS;0x3f800000;200000
20;PCUNode3ABS;0x3f800000;200000
20;PCUNode3ABS;0x3f800000;200000
20;PCUNode3ABS;0x3f800000;200000
20;PCUNode3ABS;0x3f800000;200000
20;PCUNode3ABS;0x3f800000;200000
20;PCUNode3ABS;0x3f800000;200000
20;PCUNode3ABS;0x3f800000;200000
20;PCUNode3ABS;0x3f800000;200000
20;PCUNode3ABS;0x3f800000;200000
20;PCUNode3ABS;0x3f800000;200000
20;PCUNode3ABS;0x3f800000;200000
20;PCUNode3ABS;0x3f800000;200000
20;PCUNode3ABS;0x3f800000;200000
20;PCUNode3ABS;0x3f800000;200000
20;PCUNode3ABS;0x3f800000;200000
20;PCUNode3ABS;0x3f800000;200000
20;PCUNode3ABS;0x3f800000;200000
20;PCUNode3ABS;0x3f800000;200000
20;PCUNode3ABS;0x3f800000;200000
20;PCUNode3ABS;0x3f800000;200000
20;PCUNode3ABS;0x3f800000;200000
20;PCUNode3ABS;0x3f800000;200000
20;PCUNode3ABS;0x3f800000;200000
20;PCUNode3ABS;0x3f800000;200000
20;PCUNode3ABS;0x3f800000;200000
20;PCUNode3ABS;0x3f800000;200000
20;PCUNode3ABS;0x3f800000;200000
20;PCUNode3ABS;0x3f800000;200000
20;PCUNode3ABS;0x3f800000;200000
20;PCUNode3ABS;0x3f800000;200000
20;PCUNode3ABS;0x3f800000;200000
20;PCUNode3ABS;0x3f800000;200000
20;PCUNode3ABS;0x3f800000;200000
20;PCUNode3ABS;0x3f800000;200000
20;PCUNode3ABS;0x3f800000;200000
20;PCUNode3ABS;0x3f800000;200000
20;PCUNode3ABS;0x3f800000;200000
20;PCUNode3ABS;0x3f800000;200000
20;PCUNode3ABS;0x3f800000;200000
20;PCUNode3ABS;0x3f800000;200000
20;PCUNode3ABS;0x3f800000;200000
20;PCUNode3ABS;0x3f800000;200000
20;PCUNode3ABS;0x3f800000;200000
20;PCUNode3ABS;0x3f800000;200000
20;PCUNode3ABS;0x3f800000;200000
20;PCUNode3ABS;0x3f800000;200000
20;PCUNode3ABS;0x3f800000;200000
20;PCUNode3ABS;0x3f800000;200000
20;PCUNode3ABS;0x3f800000;200000
20;PCUNode3ABS;0x3f800000;200000
20;PCUNode3ABS;0x3f800000;200000
20;PCUNode3ABS;0x3f800000;200000
20;PCUNode3ABS;0x3f800000;200000
20;PCUNode3ABS;0x3f800000;200000
20;PCUNode3ABS;0x3f800000;200000
20;PCUNode3ABS;0x3f800000;200000
20;PCUNode3ABS;0x3f800000;200000
20;PCUNode3ABS;0x3f800000;200000
20;PCUNode3ABS;0x3f800000;200000
20;PCUNode3ABS;0x3f800000;200000
20;PCUNode3ABS;0x3f800000;200000
20;PCUNode3ABS;0x3f800000;200000
20;PCUNode3ABS;0x3f800000;200000
20;PCUNode3ABS;0x3f800000;200000
20;PCUNode3ABS;0x3f800000;200000
20;PCUNode3ABS;0x3f800000;200000
20;PCUNode3ABS;0x3f800000;200000
20;PCUNode3ABS;0x3f800000;200000
20;PCUNode3ABS;0x3f800000;200000
20;PCUNode3ABS;0x3f800000;200000
20;PCUNode3ABS;0x3f800000;200000
20;PCUNode3ABS;0x3f800000;200000
20;PCUNode3ABS;0x3f800000;200000
20;PCUNode3ABS;0x3f800000;200000
20;PCUNode3ABS;0x3f800000;200000
20;PCUNode3ABS;0x3f800000;200000
20;PCUNode3ABS;0x3f800000;200000
20;PCUNode3ABS;0x3f800000;200000
20;PCUNode3ABS;0x3f800000;200000
20;PCUNode3ABS;0x3f800000;200000
20;PCUNode3ABS;0x3f800000;200000
20;PCUNode3ABS;0x3f800000;200000
20;PCUNode3ABS;0x3f800000;200000
20;PCUNode3ABS;0x3f800000;200000
20;PCUNode3ABS;0x3f800000;200000
20;PCUNode3ABS;0x3f800000;200000
20;PCUNode3ABS;0x3f800000;200000
20;PCUNode3ABS;0x3f800000;200000
20;PCUNode3ABS;0x3f800000;200000
20;PCUNode3ABS;0x3f800000;200000
20;PCUNode3ABS;0x3f800000;200000
20;PCUNode3ABS;0x3f800000;200000
20;PCUNode3ABS;0x3f800000;200000
20;PCUNode3ABS;0x3f800000;200000
20;PCUNode3ABS;0x3f800000;200000
20;PCUNode3ABS;0x3f800000;200000
20;PCUNode3ABS;0x3f800000;200000
20;PCUNode3ABS;0x3f800000;200000
20;PCUNode3ABS;0x3f800000;200000
20;PCUNode3ABS;0x3f800000;200000
20;PCUNode3ABS;0x3f800000;200000
20;PCUNode3ABS;0x3f800000;200000
20;PCUNode3ABS;0x3f800000;200000
20;PCUNode3ABS;0x3f800000;200000
20;PCUNode3ABS;0x3f800000;200000
20;PCUNode3ABS;0x3f800000;200000
20;PCUNode3ABS;0x3f800000;200000
20;PCUNode3ABS;0x3f800000;200000
20;PCUNode3ABS;0x3f800000;200000
20;PCUNode3ABS;0x3f800000;200000
20;PCUNode3ABS;0x3f800000;200000
20;PCUNode3ABS;0x3f800000;200000
20;PCUNode3ABS;0x3f800000;200000
20;PCUNode3ABS;0x3f800000;200000
20;PCUNode3ABS;0x3f800000;200000
20;PCUNode3ABS;0x3f800000;200000
20;PCUNode3ABS;0x3f800000;200000
20;PCUNode3ABS;0x3f800000;200000
20;PCUNode3ABS;0x3f800000;200000
20;PCUNode3ABS;0x3f800000;200000
20;PCUNode3ABS;0x3f800000;200000
20;PCUNode3ABS;0x3f800000;200000
20;PCUNode3ABS;0x3f800000;200000
20;PCUNode3ABS;0x3f800000;200000
20;PCUNode3ABS;0x3f800000;200000
20;PCUNode3ABS;0x3f800000;200000
20;PCUNode3ABS;0x3f800000;200000
20;PCUNode3ABS;0x3f800000;200000
20;PCUNode3ABS;0x3f800000;200000
20;PCUNode3ABS;0x3f800000;200000
20;PCUNode3ABS;0x3f800000;200000
20;PCUNode3ABS;0x3f800000;200000
20;PCUNode3ABS;0x3f800000;200000
20;PCUNode3ABS;0x3f800000;200000
20;PCUNode3ABS;0x3f800000;200000
20;PCUNode3ABS;0x3f800000;200000
20;PCUNode3ABS;0x3f800000;200000
20;PCUNode3ABS;0x3f800000;200000
20;PCUNode3ABS;0x3f800000;200000
20;PCUNode3ABS;0x3f800000;200000
20;PCUNode3ABS;0x3f800000;200000
20;PCUNode3ABS;0x3f800000;200000
20;PCUNode3ABS;0x3f800000;200000
20;PCUNode3ABS;0x3f800000;200000
20;PCUNode3ABS;0x3f800000;200000
20;PCUNode3ABS;0x3f800000;200000
20;PCUNode3ABS;0x3f800000;200000
20;PCUNode3ABS;0x3f800000;200000
20;PCUNode3ABS;0x3f800000;200000
20;PCUNode3ABS;0x3f800000;200000
20;PCUNode3ABS;0x3f800000;200000
20;PCUNode3ABS;0x3f800000;200000
20;PCUNode3ABS;0x3f800000;200000
20;PCUNode3ABS;0x3f800000;200000
20;PCUNode3ABS;0x3f800000;200000
20;PCUNode3ABS;0x3f800000;200000
20;PCUNode3ABS;0x3f800000;200000
20;PCUNode3ABS;0x3f800000;200000
20;PCUNode3ABS;0x3f800000;200000
20;PCUNode3ABS;0x3f800000;200000
20;PCUNode3ABS;0x3f800000;200000
20;PCUNode3ABS;0x3f800000;200000
20;PCUNode3ABS;0x3f800000;200000
20;PCUNode3ABS;0x3f800000;200000
20;PCUNode3ABS;0x3f800000;200000
20;PCUNode3ABS;0x3f800000;200000
20;PCUNode3ABS;0x3f800000;200000
20;PCUNode3ABS;0x3f800000;200000
20;PCUNode3ABS;0x3f800000;200000
20;PCUNode3ABS;0x3f800000;200000
20;PCUNode3ABS;0x3f800000;200000
20;PCUNode3ABS;0x3f800000;200000
20;PCUNode3ABS;0x3f800000;200000
20;PCUNode3ABS;0x3f800000;200000
20;PCUNode3ABS;0x3f800000;200000
20;PCUNode3ABS;0x3f800000;200000
20;PCUNode3ABS;0x3f800000;200000
20;PCUNode3ABS;0x3f800000;200000
20;PCUNode3ABS;0x3f800000;200000
20;PCUNode3ABS;0x3f800000;200000
20;PCUNode3ABS;0x3f800000;200000
20;PCUNode3ABS;0x3f800000;200000
20;PCUNode3ABS;0x3f800000;200000
20;PCUNode3ABS;0x3f800000;200000
20;PCUNode3ABS;0x3f800000;200000
20;PCUNode3ABS;0x3f800000;200000
20;PCUNode3ABS;0x3f800000;200000
20;PCUNode3ABS;0x3f800000;200000
20;PCUNode3ABS;0x3f800000;200000
20;PCUNode3ABS;0x3f800000;200000
20;PCUNode3ABS;0x3f800000;200000
20;PCUNode3ABS;0x3f800000;200000
20;PCUNode3ABS;0x3f800000;200000
20;PCUNode3ABS;0x3f800000;200000
20;PCUNode3ABS;0x3f800000;200000
20;PCUNode3ABS;0x3f800000;200000
20;PCUNode3ABS;0x3f800000;200000
20;PCUNode3ABS;0x3f800000;200000
20;PCUNode3ABS;0x3f800000;200000
20;PCUNode3ABS;0x3f800000;200000
20;PCUNode3ABS;0x3f800000;200000
20;PCUNode3ABS;0x3f800000;200000
20;PCUNode3ABS;0x3f800000;200000
20;PCUNode3ABS;0x3f800000;200000
20;PCUNode3ABS;0x3f800000;200000
20;PCUNode3ABS;0x3f800000;200000
20;PCUNode3ABS;0x3f800000;200000
20;PCUNode3ABS;0x3f800000;200000
20;PCUNode3ABS;0x3f800000;200000
20;PCUNode3ABS;0x3f800000;200000
20;PCUNode3ABS;0x3f800000;200000
20;PCUNode3ABS;0x3f800000;200000
20;PCUNode3ABS;0x3f800000;200000
20;PCUNode3ABS;0x3f800000;200000
20;PCUNode3ABS;0x3f800000;200000
20;PCUNode3ABS;0x3f800000;200000
20;PCUNode3ABS;0x3f800000;200000
20;PCUNode3ABS;0x3f800000;200000
20;PCUNode3ABS;0x3f800000;200000
20;PCUNode3ABS;0x3f800000;200000
20;PCUNode3ABS;0x3f800000;200000
20;PCUNode3ABS;0x3f800000;200000
20;PCUNode3ABS;0x3f800000;200000
20;PCUNode3ABS;0x3f800000;200000
20;PCUNode3ABS;0x3f800000;200000
20;PCUNode3ABS;0x3f800000;200000
20;PCUNode3ABS;0x3f800000;200000
20;PCUNode3ABS;0x3f800000;200000
20;PCUNode3ABS;0x3f800000;200000
20;PCUNode3ABS;0x3f800000;200000
20;PCUNode3ABS;0x3f800000;200000
20;PCUNode3ABS;0x3f800000;200000
20;PCUNode3ABS;0x3f800000;200000
20;PCUNode3ABS;0x3f800000;200000
20;PCUNode3ABS;0x3f800000;200000
20;PCUNode3ABS;0x3f800000;200000
20;PCUNode3ABS;0x3f800000;200000
20;PCUNode3ABS;0x3f800000;200000
20;PCUNode3ABS;0x3f800000;200000
20;PCUNode3ABS;0x3f800000;200000
20;PCUNode3ABS;0x3f800000;200000
20;PCUNode3ABS;0x3f800000;200000
20;PCUNode3ABS;0x3f800000;200000
20;PCUNode3ABS;0x3f800000;200000
20;PCUNode3ABS;0x3f800000;200000
20;PCUNode3ABS;0x3f800000;200000
20;PCUNode3ABS;0x3f800000;200000
20;PCUNode3ABS;0x3f800000;200000
20;PCUNode3ABS;0x3f800000;200000
20;PCUNode3ABS;0x3f800000;200000
20;PCUNode3ABS;0x3f800000;200000
20;PCUNode3ABS;0x3f800000;200000
20;PCUNode3ABS;0x3f800000;200000
20;PCUNode3ABS;0x3f800000;200000
20;PCUNode3ABS;0x3f800000;200000
20;PCUNode3ABS;0x3f800000;200000
20;PCUNode3ABS;0x3f800000;200000
20;PCUNode3ABS;0x3f800000;200000
20;PCUNode3ABS;0x3f800000;200000
20;PCUNode3ABS;0x3f800000;200000
20;PCUNode3ABS;0x3f800000;200000
20;PCUNode3ABS;0x3f800000;200000
20;PCUNode3ABS;0x3f800000;200000
20;PCUNode3ABS;0x3f800000;200000
20;PCUNode3ABS;0x3f800000;200000
20;PCUNode3ABS;0x3f800000;200000
20;PCUNode3ABS;0x3f800000;200000
20;PCUNode3ABS;0x3f800000;200000
20;PCUNode3ABS;0x3f800000;200000
20;PCUNode3ABS;0x3f800000;200000
20;PCUNode3ABS;0x3f800000;200000
20;PCUNode3ABS;0x3f800000;200000
20;PCUNode3ABS;0x3f800000;200000
20;PCUNode3ABS;0x3f800000;200000
20;PCUNode3ABS;0x3f800000;200000
20;PCUNode3ABS;0x3f800000;200000
20;PCUNode3ABS;0x3f800000;200000
20;PCUNode3ABS;0x3f800000;200000
20;PCUNode3ABS;0x3f800000;200000
20;PCUNode3ABS;0x3f800000;200000
20;PCUNode3ABS;0x3f800000;200000
20;PCUNode3ABS;0x3f800000;200000
20;PCUNode3ABS;0x3f800000;200000
20;PCUNode3ABS;0x3f800000;200000
20;PCUNode3ABS;0x3f800000;200000
20;PCUNode3ABS;0x3f800000;200000
20;PCUNode3ABS;0x3f800000;200000
20;PCUNode3ABS;0x3f800000;200000
20;PCUNode3ABS;0x3f800000;200000
20;PCUNode3ABS;0x3f800000;200000
20;PCUNode3ABS;0x3f800000;200000
20;PCUNode3ABS;0x3f800000;200000
20;PCUNode3ABS;0x3f800000;200000
20;PCUNode3ABS;0x3f800000;200000
20;PCUNode3ABS;0x3f800000;200000
20;PCUNode3ABS;0x3f800000;200000
20;PCUNode3ABS;0x3f800000;200000
20;PCUNode3ABS;0x3f800000;200000
20;PCUNode3ABS;0x3f800000;200000
20;PCUNode3ABS;0x3f800000;200000
20;PCUNode3ABS;0x3f800000;200000
20;PCUNode3ABS;0x3f800000;200000
20;PCUNode3ABS;0x3f800000;200000
20;PCUNode3ABS;0x3f800000;200000
20;PCUNode3ABS;0x3f800000;200000
20;PCUNode3ABS;0x3f800000;200000
20;PCUNode3ABS;0x3f800000;200000
20;PCUNode3ABS;0x3f800000;200000
20;PCUNode3ABS;0x3f800000;200000
20;PCUNode3ABS;0x3f800000;200000
20;PCUNode3ABS;0x3f800000;200000
20;PCUNode3ABS;0x3f800000;200000
20;PCUNode3ABS;0x3f800000;200000
20;PCUNode3ABS;0x3f800000;200000
20;PCUNode3ABS;0x3f800000;200000
20;PCUNode3ABS;0x3f800000;200000
20;PCUNode3ABS;0x3f800000;200000
20;PCUNode3ABS;0x3f800000;200000
20;PCUNode3ABS;0x3f800000;200000
20;PCUNode3ABS;0x3f800000;200000
20;PCUNode3ABS;0x3f800000;200000
20;PCUNode3ABS;0x3f800000;200000
20;PCUNode3ABS;0x3f800000;200000
20;PCUNode3ABS;0x3f800000;200000
20;PCUNode3ABS;0x3f800000;200000
20;PCUNode3ABS;0x3f800000;200000
20;PCUNode3ABS;0x3f800000;200000
20;PCUNode3ABS;0x3f800000;200000
20;PCUNode3ABS;0x3f800000;200000
20;PCUNode3ABS;0x3f800000;200000
20;PCUNode3ABS;0x3f800000;200000
20;PCUNode3ABS;0x3f800000;200000
20;PCUNode3ABS;0x3f800000;200000
20;PCUNode3ABS;0x3f800000;200000
20;PCUNode3ABS;0x3f800000;200000
20;PCUNode3ABS;0x3f800000;200000
20;PCUNode3ABS;0x3f800000;200000
20;PCUNode3ABS;0x3f800000;200000
20;PCUNode3ABS;0x3f800000;200000
20;PCUNode3ABS;0x3f800000;200000
20;PCUNode3ABS;0x3f800000;200000
20;PCUNode3ABS;0x3f800000;200000
20;PCUNode3ABS;0x3f800000;200000
20;PCUNode3ABS;0x3f800000;200000
20;PCUNode3ABS;0x3f800000;200000
20;PCUNode3ABS;0x3f800000;200000
20;PCUNode3ABS;0x3f800000;200000
20;PCUNode3ABS;0x3f800000;200000
20;PCUNode3ABS;0x3f800000;200000
20;PCUNode3ABS;0x3f800000;200000
20;PCUNode3ABS;0x3f800000;200000
20;PCUNode3ABS;0x3f800000;200000
20;PCUNode3ABS;0x3f800000;200000
20;PCUNode3ABS;0x3f800000;200000
20;PCUNode3ABS;0x3f800000;200000
20;PCUNode3ABS;0x3f800000;200000
20;PCUNode3ABS;0x3f800000;200000
20;PCUNode3ABS;0x3f800000;200000
20;PCUNode3ABS;0x3f800000;200000
20;PCUNode3ABS;0x3f800000;200000
20;PCUNode3ABS;0x3f800000;200000
20;PCUNode3ABS;0x3f800000;200000
20;PCUNode3ABS;0x3f800000;200000
20;PCUNode3ABS;0x3f800000;200000
20;PCUNode3ABS;0x3f800000;200000
20;PCUNode3ABS;0x3f800000;200000
20;PCUNode3ABS;0x3f800000;200000
20;PCUNode3ABS;0x3f800000;200000
20;PCUNode3ABS;0x3f800000;200000
20;PCUNode3ABS;0x3f800000;200000
20;PCUNode3ABS;0x3f800000;200000
20;PCUNode3ABS;0x3f800000;200000
20;PCUNode3ABS;0x3f800000;200000
20;PCUNode3ABS;0x3f800000;200000
20;PCUNode3ABS;0x3f800000;200000
20;PCUNode3ABS;0x3f800000;200000
20;PCUNode3ABS;0x3f800000;200000
20;PCUNode3ABS;0x3f800000;200000
20;PCUNode3ABS;0x3f800000;200000
20;PCUNode3ABS;0x3f800000;200000
20;PCUNode3ABS;0x3f800000;200000
20;PCUNode3ABS;0x3f800000;200000
20;PCUNode3ABS;0x3f800000;200000
20;PCUNode3ABS;0x3f800000;200000
20;PCUNode3ABS;0x3f800000;200000
20;PCUNode3ABS;0x3f800000;200000
20;PCUNode3ABS;0x3f800000;200000
20;PCUNode3ABS;0x3f800000;200000
20;PCUNode3ABS;0x3f800000;200000
20;PCUNode3ABS;0x3f800000;200000
20;PCUNode3ABS;0x3f800000;200000
20;PCUNode3ABS;0x3f800000;200000
20;PCUNode3ABS;0x3f800000;200000
20;PCUNode3ABS;0x3f800000;200000
20;PCUNode3ABS;0x3f800000;200000
20;PCUNode3ABS;0x3f800000;200000
20;PCUNode3ABS;0x3f800000;200000
20;PCUNode3ABS;0x3f800000;200000
20;PCUNode3ABS;0x3f800000;200000
20;PCUNode3ABS;0x3f800000;200000
20;PCUNode3ABS;0x3f800000;200000
20;PCUNode3ABS;0x3f800000;200000
20;PCUNode3ABS;0x3f800000;200000
20;PCUNode3ABS;0x3f800000;200000
20;PCUNode3ABS;0x3f800000;200000
20;PCUNode3ABS;0x3f800000;200000
20;PCUNode3ABS;0x3f800000;200000
20;PCUNode3ABS;0x3f800000;200000
20;PCUNode3ABS;0x3f800000;200000
20;PCUNode3ABS;0x3f800000;200000
20;PCUNode3ABS;0x3f800000;200000
20;PCUNode3ABS;0x3f800000;200000
20;PCUNode3ABS;0x3f800000;200000
20;PCUNode3ABS;0x3f800000;200000
20;PCUNode3ABS;0x3f800000;200000
20;PCUNode3ABS;0x3f800000;200000
20;PCUNode3ABS;0x3f800000;200000
20;PCUNode3ABS;0x3f800000;200000
20;PCUNode3ABS;0x3f800000;200000
20;PCUNode3ABS;0x3f800000;200000
20;PCUNode3ABS;0x3f800000;200000
20;PCUNode3ABS;0x3f800000;200000
20;PCUNode3ABS;0x3f800000;200000
20;PCUNode3ABS;0x3f800000;200000
20;PCUNode3ABS;0x3f800000;200000
20;PCUNode3ABS;0x3f800000;200000
20;PCUNode3ABS;0x3f800000;200000
20;PCUNode3ABS;0x3f800000;200000
20;PCUNode3ABS;0x3f800000;200000
20;PCUNode3ABS;0x3f800000;200000
20;PCUNode3ABS;0x3f800000;200000
20;PCUNode3ABS;0x3f800000;200000
20;PCUNode3ABS;0x3f800000;200000
20;PCUNode3ABS;0x3f800000;200000
20;PCUNode3ABS;0x3f800000;200000
20;PCUNode3ABS;0x3f800000;200000
20;PCUNode3ABS;0x3f800000;200000
20;PCUNode3ABS;0x3f800000;200000
20;PCUNode3ABS;0x3f800000;200000
20;PCUNode3ABS;0x3f800000;200000
20;PCUNode3ABS;0x3f800000;200000
20;PCUNode3ABS;0x3f800000;200000
20;PCUNode3ABS;0x3f800000;200000
20;PCUNode3ABS;0x3f800000;200000
20;PCUNode3ABS;0x3f800000;200000
20;PCUNode3ABS;0x3f800000;200000
20;PCUNode3ABS;0x3f800000;200000
20;PCUNode3ABS;0x3f800000;200000
20;PCUNode3ABS;0x3f800000;200000
20;PCUNode3ABS;0x3f800000;200000
20;PCUNode3ABS;0x3f800000;200000
20;PCUNode3ABS;0x3f800000;200000
20;PCUNode3ABS;0x3f800000;200000
20;PCUNode3ABS;0x3f800000;200000
20;PCUNode3ABS;0x3f800000;200000
20;PCUNode3ABS;0x3f800000;200000
20;PCUNode3ABS;0x3f800000;200000
20;PCUNode3ABS;0x3f800000;200000
20;PCUNode3ABS;0x3f800000;200000
20;PCUNode3ABS;0x3f800000;200000
20;PCUNode3ABS;0x3f800000;200000
20;PCUNode3ABS;0x3f800000;200000
20;PCUNode3ABS;0x3f800000;200000
20;PCUNode3ABS;0x3f800000;200000
20;PCUNode3ABS;0x3f800000;200000
20;PCUNode3ABS;0x3f800000;200000
20;PCUNode3ABS;0x3f800000;200000
20;PCUNode3ABS;0x3f800000;200000
20;PCUNode3ABS;0x3f800000;200000
20;PCUNode3ABS;0x3f800000;200000
20;PCUNode3ABS;0x3f800000;200000
20;PCUNode3ABS;0x3f800000;200000
20;PCUNode3ABS;0x3f800000;200000
20;PCUNode3ABS;0x3f800000;200000
20;PCUNode3ABS;0x3f800000;200000
20;PCUNode3ABS;0x3f800000;200000
20;PCUNode3ABS;0x3f800000;200000
20;PCUNode3ABS;0x3f800000;200000
20;PCUNode3ABS;0x3f800000;200000
20;PCUNode3ABS;0x3f800000;200000
20;PCUNode3ABS;0x3f800000;200000
20;PCUNode3ABS;0x3f800000;200000
20;PCUNode3ABS;0x3f800000;200000
20;PCUNode3ABS;0x3f800000;200000
20;PCUNode3ABS;0x3f800000;200000
20;PCUNode3ABS;0x3f800000;200000
20;PCUNode3ABS;0x3f800000;200000
20;PCUNode3ABS;0x3f800000;200000
20;PCUNode3ABS;0x3f800000;200000
20;PCUNode3ABS;0x3f800000;200000
20;PCUNode3ABS;0x3f800000;200000
20;PCUNode3ABS;0x3f800000;200000
20;PCUNode3ABS;0x3f800000;200000
20;PCUNode3ABS;0x3f800000;200000
20;PCUNode3ABS;0x3f800000;200000
20;PCUNode3ABS;0x3f800000;200000
20;PCUNode3ABS;0x3f800000;200000
20;PCUNode3ABS;0x3f800000;200000
20;PCUNode3ABS;0x3f800000;200000
20;PCUNode3ABS;0x3f800000;200000
20;PCUNode3ABS;0x3f800000;200000
20;PCUNode3ABS;0x3f800000;200000
20;PCUNode3ABS;0x3f800000;200000
20;PCUNode3ABS;0x3f800000;200000
20;PCUNode3ABS;0x3f800000;200000
20;PCUNode3ABS;0x3f800000;200000
20;PCUNode3ABS;0x3f800000;200000
20;PCUNode3ABS;0x3f800000;200000
20;PCUNode3ABS;0x3f800000;200000
20;PCUNode3ABS;0x3f800000;200000
20;PCUNode3ABS;0x3f800000;200000
20;PCUNode3ABS;0x3f800000;200000
20;PCUNode3ABS;0x3f800000;200000
20;PCUNode3ABS;0x3f800000;200000
20;PCUNode3ABS;0x3f800000;200000
20;PCUNode3ABS;0x3f800000;200000
20;PCUNode3ABS;0x3f800000;200000
20;PCUNode3ABS;0x3f800000;200000
20;PCUNode3ABS;0x3f800000;200000
20;PCUNode3ABS;0x3f800000;200000
20;PCUNode3ABS;0x3f800000;200000
20;PCUNode3ABS;0x3f800000;200000
20;PCUNode3ABS;0x3f800000;200000
20;PCUNode3ABS;0x3f800000;200000
20;PCUNode3ABS;0x3f800000;200000
20;PCUNode3ABS;0x3f800000;200000
20;PCUNode3ABS;0x3f800000;200000
20;PCUNode3ABS;0x3f800000;200000
20;PCUNode3ABS;0x3f800000;200000
20;PCUNode3ABS;0x3f800000;200000
20;PCUNode3ABS;0x3f800000;200000
20;PCUNode3ABS;0x3f800000;200000
20;PCUNode3ABS;0x3f800000;200000
20;PCUNode3ABS;0x3f800000;200000
20;PCUNode3ABS;0x3f800000;200000
20;PCUNode3ABS;0x3f800000;200000
20;PCUNode3ABS;0x3f800000;200000
20;PCUNode3ABS;0x3f800000;200000
20;PCUNode3ABS;0x3f800000;200000
20;PCUNode3ABS;0x3f800000;200000
20;PCUNode3ABS;0x3f800000;200000
20;PCUNode3ABS;0x3f800000;200000
20;PCUNode3ABS;0x3f800000;200000
20;PCUNode3ABS;0x3f800000;200000
20;PCUNode3ABS;0x3f800000;200000
20;PCUNode3ABS;0x3f800000;200000
20;PCUNode3ABS;0x3f800000;200000
20;PCUNode3ABS;0x3f800000;200000
20;PCUNode3ABS;0x3f800000;200000
20;PCUNode3ABS;0x3f800000;200000
20;PCUNode3ABS;0x3f800000;200000
20;PCUNode3ABS;0x3f800000;200000
20;PCUNode3ABS;0x3f800000;200000
20;PCUNode3ABS;0x3f800000;200000
20;PCUNode3ABS;0x3f800000;200000
20;PCUNode3ABS;0x3f800000;200000
20;PCUNode3ABS;0x3f800000;200000
20;PCUNode3ABS;0x3f800000;200000
20;PCUNode3ABS;0x3f800000;200000
20;PCUNode3ABS;0x3f800000;200000
20;PCUNode3ABS;0x3f800000;200000
20;PCUNode3ABS;0x3f800000;200000
20;PCUNode3ABS;0x3f800000;200000
20;PCUNode3ABS;0x3f800000;200000
20;PCUNode3ABS;0x3f800000;200000
20;PCUNode3ABS;0x3f800000;200000
20;PCUNode3ABS;0x3f800000;200000
20;PCUNode3ABS;0x3f800000;200000
20;PCUNode3ABS;0x3f800000;200000
20;PCUNode3ABS;0x3f800000;200000
20;PCUNode3ABS;0x3f800000;200000
20;PCUNode3ABS;0x3f800000;200000
20;PCUNode3ABS;0x3f800000;200000
20;PCUNode3ABS;0x3f800000;200000
20;PCUNode3ABS;0x3f800000;200000
20;PCUNode3ABS;0x3f800000;200000
20;PCUNode3ABS;0x3f800000;200000
20;PCUNode3ABS;0x3f800000;200000
20;PCUNode3ABS;0x3f800000;200000
20;PCUNode3ABS;0x3f800000;200000
20;PCUNode3ABS;0x3f800000;200000
20;PCUNode3ABS;0x3f800000;200000
20;PCUNode3ABS;0x3f800000;200000
20;PCUNode3ABS;0x3f800000;200000
20;PCUNode3ABS;0x3f800000;200000
20;PCUNode3ABS;0x3f800000;200000
20;PCUNode3ABS;0x3f800000;200000
20;PCUNode3ABS;0x3f800000;200000
20;PCUNode3ABS;0x3f800000;200000
20;PCUNode3ABS;0x3f800000;200000
20;PCUNode3ABS;0x3f800000;200000
20;PCUNode3ABS;0x3f800000;200000
20;PCUNode3ABS;0x3f800000;200000
20;PCUNode3ABS;0x3f800000;200000
20;PCUNode3ABS;0x3f800000;200000
20;PCUNode3ABS;0x3f800000;200000
20;PCUNode3ABS;0x3f800000;200000
20;PCUNode3ABS;0x3f800000;200000
20;PCUNode3ABS;0x3f800000;200000
20;PCUNode3ABS;0x3f800000;200000
20;PCUNode3ABS;0x3f800000;200000
20;PCUNode3ABS;0x3f800000;200000
20;PCUNode3ABS;0x3f800000;200000
20;PCUNode3ABS;0x3f800000;200000
20;PCUNode3ABS;0x3f800000;200000
20;PCUNode3ABS;0x3f800000;200000
20;PCUNode3ABS;0x3f800000;200000
20;PCUNode3ABS;0x3f800000;200000
20;PCUNode3ABS;0x3f800000;200000
20;PCUNode3ABS;0x3f800000;200000
20;PCUNode3ABS;0x3f800000;200000
20;PCUNode3ABS;0x3f800000;200000
20;PCUNode3ABS;0x3f800000;200000
20;PCUNode3ABS;0x3f800000;200000
20;PCUNode3ABS;0x3f800000;200000
20;PCUNode3ABS;0x3f800000;200000
20;PCUNode3ABS;0x3f800000;200000
20;PCUNode3ABS;0x3f800000;200000
20;PCUNode3ABS;0x3f800000;200000
20;PCUNode3ABS;0x3f800000;200000
20;PCUNode3ABS;0x3f800000;200000
20;PCUNode3ABS;0x3f800000;200000
20;PCUNode3ABS;0x3f800000;200000
20;PCUNode3ABS;0x3f800000;200000
20;PCUNode3ABS;0x3f800000;200000
20;PCUNode3ABS;0x3f800000;200000
20;PCUNode3ABS;0x3f800000;200000
20;PCUNode3ABS;0x3f800000;200000
20;PCUNode3ABS;0x3f800000;200000
20;PCUNode3ABS;0x3f800000;200000
20;PCUNode3ABS;0x3f800000;200000
20;PCUNode3ABS;0x3f800000;200000
20;PCUNode3ABS;0x3f800000;200000
20;PCUNode3ABS;0x3f800000;200000
20;PCUNode3ABS;0x3f800000;200000
20;PCUNode3ABS;0x3f800000;200000
20;PCUNode3ABS;0x3f800000;200000
20;PCUNode3ABS;0x3f800000;200000
20;PCUNode3ABS;0x3f800000;200000
20;PCUNode3ABS;0x3f800000;200000
20;PCUNode3ABS;0x3f800000;200000
20;PCUNode3ABS;0x3f800000;200000
20;PCUNode3ABS;0x3f800000;200000
20;PCUNode3ABS;0x3f800000;200000
20;PCUNode3ABS;0x3f800000;200000
20;PCUNode3ABS;0x3f800000;200000
20;PCUNode3ABS;0x3f800000;200000
20;PCUNode3ABS;0x3f800000;200000
20;PCUNode3ABS;0x3f800000;200000
20;PCUNode3ABS;0x3f800000;200000
20;PCUNode3ABS;0x3f800000;200000
20;PCUNode3ABS;0x3f800000;200000
20;PCUNode3ABS;0x3f800000;200000
20;PCUNode3ABS;0x3f800000;200000
20;PCUNode3ABS;0x3f800000;200000
20;PCUNode3ABS;0x3f800000;200000
20;PCUNode3ABS;0x3f800000;200000
20;PCUNode3ABS;0x3f800000;200000
20;PCUNode3ABS;0x3f800000;200000
20;PCUNode3ABS;0x3f800000;200000
20;PCUNode3ABS;0x3f800000;200000
20;PCUNode3ABS;0x3f800000;200000
20;PCUNode3ABS;0x3f800000;200000
20;PCUNode3ABS;0x3f800000;200000
20;PCUNode3ABS;0x3f800000;200000
20;PCUNode3ABS;0x3f800000;200000
20;PCUNode3ABS;0x3f800000;200000
20;PCUNode3ABS;0x3f800000;200000
20;PCUNode3ABS;0x3f800000;200000
20;PCUNode3ABS;0x3f800000;200000
20;PCUNode3ABS;0x3f800000;200000
20;PCUNode3ABS;0x3f800000;200000
20;PCUNode3ABS;0x3f800000;200000
20;PCUNode3ABS;0x3f800000;200000
20;PCUNode3ABS;0x3f800000;200000
20;PCUNode3ABS;0x3f800000;200000
20;PCUNode3ABS;0x3f800000;200000
20;PCUNode3ABS;0x3f800000;200000
20;PCUNode3ABS;0x3f800000;200000
20;PCUNode3ABS;0x3f800000;200000
20;PCUNode3ABS;0x3f800000;200000
20;PCUNode3ABS;0x3f800000;200000
20;PCUNode3ABS;0x3f800000;200000
20;PCUNode3ABS;0x3f800000;200000
20;PCUNode3ABS;0x3f800000;200000
20;PCUNode3ABS;0x3f800000;200000
20;PCUNode3ABS;0x3f800000;200000
20;PCUNode3ABS;0x3f800000;200000
20;PCUNode3ABS;0x3f800000;200000
20;PCUNode3ABS;0x3f800000;200000
20;PCUNode3ABS;0x3f800000;200000
20;PCUNode3ABS;0x3f800000;200000
20;PCUNode3ABS;0x3f800000;200000
20;PCUNode3ABS;0x3f800000;200000
20;PCUNode3ABS;0x3f800000;200000
20;PCUNode3ABS;0x3f800000;200000
20;PCUNode3ABS;0x3f800000;200000
20;PCUNode3ABS;0x3f800000;200000
20;PCUNode3ABS;0x3f800000;200000
20;PCUNode3ABS;0x3f800000;200000
20;PCUNode3ABS;0x3f800000;200000
20;PCUNode3ABS;0x3f800000;200000
20;PCUNode3ABS;0x3f800000;200000
20;PCUNode3ABS;0x3f800000;200000
20;PCUNode3ABS;0x3f800000;200000
20;PCUNode3ABS;0x3f800000;200000
20;PCUNode3ABS;0x3f800000;200000
20;PCUNode3ABS;0x3f800000;200000
20;PCUNode3ABS;0x3f800000;200000
20;PCUNode3ABS;0x3f800000;200000
20;PCUNode3ABS;0x3f800000;200000
20;PCUNode3ABS;0x3f800000;200000
20;PCUNode3ABS;0x3f800000;200000
20;PCUNode3ABS;0x3f800000;200000
20;PCUNode3ABS;0x3f800000;200000
20;PCUNode3ABS;0x3f800000;200000
20;PCUNode3ABS;0x3f800000;200000
20;PCUNode3ABS;0x3f800000;200000
20;PCUNode3ABS;0x3f800000;200000
20;PCUNode3ABS;0x3f800000;200000
20;PCUNode3ABS;0x3f800000;200000
20;PCUNode3ABS;0x3f800000;200000
20;PCUNode3ABS;0x3f800000;200000
20;PCUNode3ABS;0x3f800000;200000
20;PCUNode3ABS;0x3f800000;200000
20;PCUNode3ABS;0x3f800000;200000
20;PCUNode3ABS;0x3f800000;200000
20;PCUNode3ABS;0x3f800000;200000
20;PCUNode3ABS;0x3f800000;200000
20;PCUNode3ABS;0x3f800000;200000
20;PCUNode3ABS;0x3f800000;200000
20;PCUNode3ABS;0x3f800000;200000
20;PCUNode3ABS;0x3f800000;200000
20;PCUNode3ABS;0x3f800000;200000
20;PCUNode3ABS;0x3f800000;200000
20;PCUNode3ABS;0x3f800000;200000
20;PCUNode3ABS;0x3f800000;200000
20;PCUNode3ABS;0x3f800000;200000
20;PCUNode3ABS;0x3f800000;200000
20;PCUNode3ABS;0x3f800000;200000
20;PCUNode3ABS;0x3f800000;200000
20;PCUNode3ABS;0x3f800000;200000
20;PCUNode3ABS;0x3f800000;200000
20;PCUNode3ABS;0x3f800000;200000
20;PCUNode3ABS;0x3f800000;200000
20;PCUNode3ABS;0x3f800000;200000
20;PCUNode3ABS;0x3f800000;200000
20;PCUNode3ABS;0x3f800000;200000
20;PCUNode3ABS;0x3f800000;200000
20;PCUNode3ABS;0x3f800000;200000
20;PCUNode3ABS;0x3f800000;200000
20;PCUNode3ABS;0x3f800000;200000
20;PCUNode3ABS;0x3f800000;200000
20;PCUNode3ABS;0x3f800000;200000
20;PCUNode3ABS;0x3f800000;200000
20;PCUNode3ABS;0x3f800000;200000
20;PCUNode3ABS;0x3f800000;200000
20;PCUNode3ABS;0x3f800000;200000
20;PCUNode3ABS;0x3f800000;200000
20;PCUNode3ABS;0x3f800000;200000
20;PCUNode3ABS;0x3f800000;200000
20;PCUNode3ABS;0x3f800000;200000
20;PCUNode3ABS;0x3f800000;200000
20;PCUNode3ABS;0x3f800000;200000
20;PCUNode3ABS;0x3f800000;200000
20;PCUNode3ABS;0x3f800000;200000
20;PCUNode3ABS;0x3f800000;200000
20;PCUNode3ABS;0x3f800000;200000
20;PCUNode3ABS;0x3f800000;200000
20;PCUNode3ABS;0x3f800000;200000
20;PCUNode3ABS;0x3f800000;200000
20;PCUNode3ABS;0x3f800000;200000
20;PCUNode3ABS;0x3f800000;200000
20;PCUNode3ABS;0x3f800000;200000
20;PCUNode3ABS;0x3f800000;200000
20;PCUNode3ABS;0x3f800000;200000
20;PCUNode3ABS;0x3f800000;200000
20;PCUNode3ABS;0x3f800000;200000
20;PCUNode3ABS;0x3f800000;200000
20;PCUNode3ABS;0x3f800000;200000
20;PCUNode3ABS;0x3f800000;200000
20;PCUNode3ABS;0x3f800000;200000
20;PCUNode3ABS;0x3f800000;200000
20;PCUNode3ABS;0x3f800000;200000
20;PCUNode3ABS;0x3f800000;200000
20;PCUNode3ABS;0x3f800000;200000
20;PCUNode3ABS;0x3f800000;200000
20;PCUNode3ABS;0x3f800000;200000
20;PCUNode3ABS;0x3f800000;200000
20;PCUNode3ABS;0x3f800000;200000
20;PCUNode3ABS;0x3f800000;200000
20;PCUNode3ABS;0x3f800000;200000
20;PCUNode3ABS;0x3f800000;200000
20;PCUNode3ABS;0x3f800000;200000
20;PCUNode3ABS;0x3f800000;200000
20;PCUNode3ABS;0x3f800000;200000
20;PCUNode3ABS;0x3f800000;200000
20;PCUNode3ABS;0x3f800000;200000
20;PCUNode3ABS;0x3f800000;200000
20;PCUNode3ABS;0x3f800000;200000
20;PCUNode3ABS;0x3f800000;200000
20;PCUNode3ABS;0x3f800000;200000
20;PCUNode3ABS;0x3f800000;200000
20;PCUNode3ABS;0x3f800000;200000
20;PCUNode3ABS;0x3f800000;200000
20;PCUNode3ABS;0x3f800000;200000
20;PCUNode3ABS;0x3f800000;200000
20;PCUNode3ABS;0x3f800000;200000
20;PCUNode3ABS;0x3f800000;200000
20;PCUNode3ABS;0x3f800000;200000
20;PCUNode3ABS;0x3f800000;200000
20;PCUNode3ABS;0x3f800000;200000
20;PCUNode3ABS;0x3f800000;200000
20;PCUNode3ABS;0x3f800000;200000
20;PCUNode3ABS;0x3f800000;200000
20;PCUNode3ABS;0x3f800000;200000
20;PCUNode3ABS;0x3f800000;200000
20;PCUNode3ABS;0x3f800000;200000
20;PCUNode3ABS;0x3f800000;200000
20;PCUNode3ABS;0x3f800000;200000
20;PCUNode3ABS;0x3f800000;200000
20;PCUNode3ABS;0x3f800000;200000
20;PCUNode3ABS;0x3f800000;200000
20;PCUNode3ABS;0x3f800000;200000
20;PCUNode3ABS;0x3f800000;200000
20;PCUNode3ABS;0x3f800000;200000
20;PCUNode3ABS;0x3f800000;200000
20;PCUNode3ABS;0x3f800000;200000
20;PCUNode3ABS;0x3f800000;200000
20;PCUNode3ABS;0x3f800000;200000
20;PCUNode3ABS;0x3f800000;200000
20;PCUNode3ABS;0x3f800000;200000
20;PCUNode3ABS;0x3f800000;200000
20;PCUNode3ABS;0x3f800000;200000
20;PCUNode3ABS;0x3f800000;200000
20;PCUNode3ABS;0x3f800000;200000
20;PCUNode3ABS;0x3f800000;200000
20;PCUNode3ABS;0x3f800000;200000
20;PCUNode3ABS;0x3f800000;200000
20;PCUNode3ABS;0x3f800000;200000
20;PCUNode3ABS;0x3f800000;200000
20;PCUNode3ABS;0x3f800000;200000
20;PCUNode3ABS;0x3f800000;200000
20;PCUNode3ABS;0x3f800000;200000
20;PCUNode3ABS;0x3f800000;200000
20;PCUNode3ABS;0x3f800000;200000
20;PCUNode3ABS;0x3f800000;200000
20;PCUNode3ABS;0x3f800000;200000
20;PCUNode3ABS;0x3f800000;200000
20;PCUNode3ABS;0x3f800000;200000
20;PCUNode3ABS;0x3f800000;200000
20;PCUNode3ABS;0x3f800000;200000
20;PCUNode3ABS;0x3f800000;200000
20;PCUNode3ABS;0x3f800000;200000
20;PCUNode3ABS;0x3f800000;200000
20;PCUNode3ABS;0x3f800000;200000
20;PCUNode3ABS;0x3f800000;200000
20;PCUNode3ABS;0x3f800000;200000
20;PCUNode3ABS;0x3f800000;200000
20;PCUNode3ABS;0x3f800000;200000
20;PCUNode3ABS;0x3f800000;200000
20;PCUNode3ABS;0x3f800000;200000
20;PCUNode3ABS;0x3f800000;200000
20;PCUNode3ABS;0x3f800000;200000
20;PCUNode3ABS;0x3f800000;200000
20;PCUNode3ABS;0x3f800000;200000
20;PCUNode3ABS;0x3f800000;200000
20;PCUNode3ABS;0x3f800000;200000
20;PCUNode3ABS;0x3f800000;200000
20;PCUNode3ABS;0x3f800000;200000
20;PCUNode3ABS;0x3f800000;200000
20;PCUNode3ABS;0x3f800000;200000
20;PCUNode3ABS;0x3f800000;200000
20;PCUNode3ABS;0x3f800000;200000
20;PCUNode3ABS;0x3f800000;200000
20;PCUNode3ABS;0x3f800000;200000
20;PCUNode3ABS;0x3f800000;200000
20;PCUNode3ABS;0x3f800000;200000
20;PCUNode3ABS;0x3f800000;200000
20;PCUNode3ABS;0x3f800000;200000
20;PCUNode3ABS;0x3f800000;200000
20;PCUNode3ABS;0x3f800000;200000
20;PCUNode3ABS;0x3f800000;200000
20;PCUNode3ABS;0x3f800000;200000
20;PCUNode3ABS;0x3f800000;200000
20;PCUNode3ABS;0x3f800000;200000
20;PCUNode3ABS;0x3f800000;200000
20;PCUNode3ABS;0x3f800000;200000
20;PCUNode3ABS;0x3f800000;200000
20;PCUNode3ABS;0x3f800000;200000
20;PCUNode3ABS;0x3f800000;200000
20;PCUNode3ABS;0x3f800000;200000
20;PCUNode3ABS;0x3f800000;200000
20;PCUNode3ABS;0x3f800000;200000
20;PCUNode3ABS;0x3f800000;200000
20;PCUNode3ABS;0x3f800000;200000
20;PCUNode3ABS;0x3f800000;200000
20;PCUNode3ABS;0x3f800000;200000
20;PCUNode3ABS;0x3f800000;200000
20;PCUNode3ABS;0x3f800000;200000
20;PCUNode3ABS;0x3f800000;200000
20;PCUNode3ABS;0x3f800000;200000
20;PCUNode3ABS;0x3f800000;200000
20;PCUNode3ABS;0x3f800000;200000
20;PCUNode3ABS;0x3f800000;200000
20;PCUNode3ABS;0x3f800000;200000
20;PCUNode3ABS;0x3f800000;200000
20;PCUNode3ABS;0x3f800000;200000
20;PCUNode3ABS;0x3f800000;200000
20;PCUNode3ABS;0x3f800000;200000
20;PCUNode3ABS;0x3f800000;200000
20;PCUNode3ABS;0x3f800000;200000
20;PCUNode3ABS;0x3f800000;200000
20;PCUNode3ABS;0x3f800000;200000
20;PCUNode3ABS;0x3f800000;200000
20;PCUNode3ABS;0x3f800000;200000
20;PCUNode3ABS;0x3f800000;200000
20;PCUNode3ABS;0x3f800000;200000
20;PCUNode3ABS;0x3f800000;200000
20;PCUNode3ABS;0x3f800000;200000
20;PCUNode3ABS;0x3f800000;200000
20;PCUNode3ABS;0x3f800000;200000
20;PCUNode3ABS;0x3f800000;200000
20;PCUNode3ABS;0x3f800000;200000
20;PCUNode3ABS;0x3f800000;200000
20;PCUNode3ABS;0x3f800000;200000
20;PCUNode3ABS;0x3f800000;200000
20;PCUNode3ABS;0x3f800000;200000
20;PCUNode3ABS;0x3f800000;200000
20;PCUNode3ABS;0x3f800000;200000
20;PCUNode3ABS;0x3f800000;200000
20;PCUNode3ABS;0x3f800000;200000
20;PCUNode3ABS;0x3f800000;200000
20;PCUNode3ABS;0x3f800000;200000
20;PCUNode3ABS;0x3f800000;200000
20;PCUNode3ABS;0x3f800000;200000
20;PCUNode3ABS;0x3f800000;200000
20;PCUNode3ABS;0x3f800000;200000
20;PCUNode3ABS;0x3f800000;200000
20;PCUNode3ABS;0x3f800000;200000
20;PCUNode3ABS;0x3f800000;200000
20;PCUNode3ABS;0x3f800000;200000
20;PCUNode3ABS;0x3f800000;200000
20;PCUNode3ABS;0x3f800000;200000
20;PCUNode3ABS;0x3f800000;200000
20;PCUNode3ABS;0x3f800000;200000
20;PCUNode3ABS;0x3f800000;200000
20;PCUNode3ABS;0x3f800000;200000
20;PCUNode3ABS;0x3f800000;200000
20;PCUNode3ABS;0x3f800000;200000
20;PCUNode3ABS;0x3f800000;200000
20;PCUNode3ABS;0x3f800000;200000
20;PCUNode3ABS;0x3f800000;200000
20;PCUNode3ABS;0x3f800000;200000
20;PCUNode3ABS;0x3f800000;200000
20;PCUNode3ABS;0x3f800000;200000
20;PCUNode3ABS;0x3f800000;200000
20;PCUNode3ABS;0x3f800000;200000
20;PCUNode3ABS;0x3f800000;200000
20;PCUNode3ABS;0x3f800000;200000
20;PCUNode3ABS;0x3f800000;200000
20;PCUNode3ABS;0x3f800000;200000
20;PCUNode3ABS;0x3f800000;200000
20;PCUNode3ABS;0x3f800000;200000
20;PCUNode3ABS;0x3f800000;200000
20;PCUNode3ABS;0x3f800000;200000
20;PCUNode3ABS;0x3f800000;200000
20;PCUNode3ABS;0x3f800000;200000
20;PCUNode3ABS;0x3f800000;200000
20;PCUNode3ABS;0x3f800000;200000
20;PCUNode3ABS;0x3f800000;200000
20;PCUNode3ABS;0x3f800000;200000
20;PCUNode3ABS;0x3f800000;200000
20;PCUNode3ABS;0x3f800000;200000
20;PCUNode3ABS;0x3f800000;200000
20;PCUNode3ABS;0x3f800000;200000
20;PCUNode3ABS;0x3f800000;200000
20;PCUNode3ABS;0x3f800000;200000
20;PCUNode3ABS;0x3f800000;200000
20;PCUNode3ABS;0x3f800000;200000
20;PCUNode3ABS;0x3f800000;200000
20;PCUNode3ABS;0x3f800000;200000
20;PCUNode3ABS;0x3f800000;200000
20;PCUNode3ABS;0x3f800000;200000
20;PCUNode3ABS;0x3f800000;200000
20;PCUNode3ABS;0x3f800000;200000
20;PCUNode3ABS;0x3f800000;200000
20;PCUNode3ABS;0x3f800000;200000
20;PCUNode3ABS;0x3f800000;200000
20;PCUNode3ABS;0x3f800000;200000
20;PCUNode3ABS;0x3f800000;200000
20;PCUNode3ABS;0x3f800000;200000
20;PCUNode3ABS;0x3f800000;200000
20;PCUNode3ABS;0x3f800000;200000
20;PCUNode3ABS;0x3f800000;200000
20;PCUNode3ABS;0x3f800000;200000
20;PCUNode3ABS;0x3f800000;200000
20;PCUNode3ABS;0x3f800000;200000
20;PCUNode3ABS;0x3f800000;200000
20;PCUNode3ABS;0x3f800000;200000
20;PCUNode3ABS;0x3f800000;200000
20;PCUNode3ABS;0x3f800000;200000
20;PCUNode3ABS;0x3f800000;200000
20;PCUNode3ABS;0x3f800000;200000
20;PCUNode3ABS;0x3f800000;200000
20;PCUNode3ABS;0x3f800000;200000
20;PCUNode3ABS;0x3f800000;200000
20;PCUNode3ABS;0x3f800000;200000
20;PCUNode3ABS;0x3f800000;200000
20;PCUNode3ABS;0x3f800000;200000
20;PCUNode3ABS;0x3f800000;200000
20;PCUNode3ABS;0x3f800000;200000
20;PCUNode3ABS;0x3f800000;200000
20;PCUNode3ABS;0x3f800000;200000
20;PCUNode3ABS;0x3f800000;200000
20;PCUNode3ABS;0x3f800000;200000
20;PCUNode3ABS;0x3f800000;200000
20;PCUNode3ABS;0x3f800000;200000
20;PCUNode3ABS;0x3f800000;200000
20;PCUNode3ABS;0x3f800000;200000
20;PCUNode3ABS;0x3f800000;200000
20;PCUNode3ABS;0x3f800000;200000
20;PCUNode3ABS;0x3f800000;200000
20;PCUNode3ABS;0x3f800000;200000
20;PCUNode3ABS;0x3f800000;200000
20;PCUNode3ABS;0x3f800000;200000
20;PCUNode3ABS;0x3f800000;200000
20;PCUNode3ABS;0x3f800000;200000
20;PCUNode3ABS;0x3f800000;200000
20;PCUNode3ABS;0x3f800000;200000
20;PCUNode3ABS;0x3f800000;200000
20;PCUNode3ABS;0x3f800000;200000
20;PCUNode3ABS;0x3f800000;200000
20;PCUNode3ABS;0x3f800000;200000
20;PCUNode3ABS;0x3f800000;200000
20;PCUNode3ABS;0x3f800000;200000
20;PCUNode3ABS;0x3f800000;200000
20;PCUNode3ABS;0x3f800000;200000
20;PCUNode3ABS;0x3f800000;200000
20;PCUNode3ABS;0x3f800000;200000
20;PCUNode3ABS;0x3f800000;200000
20;PCUNode3ABS;0x3f800000;200000
20;PCUNode3ABS;0x3f800000;200000
20;PCUNode3ABS;0x3f800000;200000
20;PCUNode3ABS;0x3f800000;200000
20;PCUNode3ABS;0x3f800000;200000
20;PCUNode3ABS;0x3f800000;200000
20;PCUNode3ABS;0x3f800000;200000
20;PCUNode3ABS;0x3f800000;200000
20;PCUNode3ABS;0x3f800000;200000
20;PCUNode3ABS;0x3f800000;200000
20;PCUNode3ABS;0x3f800000;200000
20;PCUNode3ABS;0x3f800000;200000
20;PCUNode3ABS;0x3f800000;200000
20;PCUNode3ABS;0x3f800000;200000
20;PCUNode3ABS;0x3f800000;200000
20;PCUNode3ABS;0x3f800000;200000
20;PCUNode3ABS;0x3f800000;200000
20;PCUNode3ABS;0x3f800000;200000
20;PCUNode3ABS;0x3f800000;200000
20;PCUNode3ABS;0x3f800000;200000
20;PCUNode3ABS;0x3f800000;200000
20;PCUNode3ABS;0x3f800000;200000
20;PCUNode3ABS;0x3f800000;200000
20;PCUNode3ABS;0x3f800000;200000
20;PCUNode3ABS;0x3f800000;200000
20;PCUNode3ABS;0x3f800000;200000
20;PCUNode3ABS;0x3f800000;200000
20;PCUNode3ABS;0x3f800000;200000
20;PCUNode3ABS;0x3f800000;200000
20;PCUNode3ABS;0x3f800000;200000
20;PCUNode3ABS;0x3f800000;200000
20;PCUNode3ABS;0x3f800000;200000
20;PCUNode3ABS;0x3f800000;200000
20;PCUNode3ABS;0x3f800000;200000
20;PCUNode3ABS;0x3f800000;200000
20;PCUNode3ABS;0x3f800000;200000
20;PCUNode3ABS;0x3f800000;200000
20;PCUNode3ABS;0x3f800000;200000
20;PCUNode3ABS;0x3f800000;200000
20;PCUNode3ABS;0x3f800000;200000
20;PCUNode3ABS;0x3f800000;200000
20;PCUNode3ABS;0x3f800000;200000
20;PCUNode3ABS;0x3f800000;200000
20;PCUNode3ABS;0x3f800000;200000
20;PCUNode3ABS;0x3f800000;200000
20;PCUNode3ABS;0x3f800000;200000
20;PCUNode3ABS;0x3f800000;200000
20;PCUNode3ABS;0x3f800000;200000
20;PCUNode3ABS;0x3f800000;200000
20;PCUNode3ABS;0x3f800000;200000
20;PCUNode3ABS;0x3f800000;200000
20;PCUNode3ABS;0x3f800000;200000
20;PCUNode3ABS;0x3f800000;200000
20;PCUNode3ABS;0x3f800000;200000
20;PCUNode3ABS;0x3f800000;200000
20;PCUNode3ABS;0x3f800000;200000
20;PCUNode3ABS;0x3f800000;200000
20;PCUNode3ABS;0x3f800000;200000
20;PCUNode3ABS;0x3f800000;200000
20;PCUNode3ABS;0x3f800000;200000
20;PCUNode3ABS;0x3f800000;200000
20;PCUNode3ABS;0x3f800000;200000
20;PCUNode3ABS;0x3f800000;200000
20;PCUNode3ABS;0x3f800000;200000
20;PCUNode3ABS;0x3f800000;200000
20;PCUNode3ABS;0x3f800000;200000
20;PCUNode3ABS;0x3f800000;200000
20;PCUNode3ABS;0x3f800000;200000
20;PCUNode3ABS;0x3f800000;200000
20;PCUNode3ABS;0x3f800000;200000
20;PCUNode3ABS;0x3f800000;200000
20;PCUNode3ABS;0x3f800000;200000
20;PCUNode3ABS;0x3f800000;200000
20;PCUNode3ABS;0x3f800000;200000
20;PCUNode3ABS;0x3f800000;200000
20;PCUNode3ABS;0x3f800000;200000
20;PCUNode3ABS;0x3f800000;200000
20;PCUNode3ABS;0x3f800000;200000
20;PCUNode3ABS;0x3f800000;200000
20;PCUNode3ABS;0x3f800000;200000
20;PCUNode3ABS;0x3f800000;200000
20;PCUNode3ABS;0x3f800000;200000
20;PCUNode3ABS;0x3f800000;200000
20;PCUNode3ABS;0x3f800000;200000
20;PCUNode3ABS;0x3f800000;200000
20;PCUNode3ABS;0x3f800000;200000
20;PCUNode3ABS;0x3f800000;200000
20;PCUNode3ABS;0x3f800000;200000
20;PCUNode3ABS;0x3f800000;200000
20;PCUNode3ABS;0x3f800000;200000
20;PCUNode3ABS;0x3f800000;200000
20;PCUNode3ABS;0x3f800000;200000
20;PCUNode3ABS;0x3f800000;200000
20;PCUNode3ABS;0x3f800000;200000
20;PCUNode3ABS;0x3f800000;200000
20;PCUNode3ABS;0x3f800000;200000
20;PCUNode3ABS;0x3f800000;200000
20;PCUNode3ABS;0x3f800000;200000
20;PCUNode3ABS;0x3f800000;200000
20;PCUNode3ABS;0x3f800000;200000
20;PCUNode3ABS;0x3f800000;200000
20;PCUNode3ABS;0x3f800000;200000
20;PCUNode3ABS;0x3f800000;200000
20;PCUNode3ABS;0x3f800000;200000
20;PCUNode3ABS;0x3f800000;200000
20;PCUNode3ABS;0x3f800000;200000
20;PCUNode3ABS;0x3f800000;200000
20;PCUNode3ABS;0x3f800000;200000
20;PCUNode3ABS;0x3f800000;200000
20;PCUNode3ABS;0x3f800000;200000
20;PCUNode3ABS;0x3f800000;200000
20;PCUNode3ABS;0x3f800000;200000
20;PCUNode3ABS;0x3f800000;200000
20;PCUNode3ABS;0x3f800000;200000
20;PCUNode3ABS;0x3f800000;200000
20;PCUNode3ABS;0x3f800000;200000
20;PCUNode3ABS;0x3f800000;200000
20;PCUNode3ABS;0x3f800000;200000
20;PCUNode3ABS;0x3f800000;200000
20;PCUNode3ABS;0x3f800000;200000
20;PCUNode3ABS;0x3f800000;200000
20;PCUNode3ABS;0x3f800000;200000
20;PCUNode3ABS;0x3f800000;200000
20;PCUNode3ABS;0x3f800000;200000
20;PCUNode3ABS;0x3f800000;200000
20;PCUNode3ABS;0x3f800000;200000
20;PCUNode3ABS;0x3f800000;200000
20;PCUNode3ABS;0x3f800000;200000
20;PCUNode3ABS;0x3f800000;200000
20;PCUNode3ABS;0x3f800000;200000
20;PCUNode3ABS;0x3f800000;200000
20;PCUNode3ABS;0x3f800000;200000
20;PCUNode3ABS;0x3f800000;200000
20;PCUNode3ABS;0x3f800000;200000
20;PCUNode3ABS;0x3f800000;200000
20;PCUNode3ABS;0x3f800000;200000
20;PCUNode3ABS;0x3f800000;200000
20;PCUNode3ABS;0x3f800000;200000
20;PCUNode3ABS;0x3f800000;200000
20;PCUNode3ABS;0x3f800000;200000
20;PCUNode3ABS;0x3f800000;200000
20;PCUNode3ABS;0x3f800000;200000
20;PCUNode3ABS;0x3f800000;200000
20;PCUNode3ABS;0x3f800000;200000
20;PCUNode3ABS;0x3f800000;200000
20;PCUNode3ABS;0x3f800000;200000
20;PCUNode3ABS;0x3f800000;200000
20;PCUNode3ABS;0x3f800000;200000
20;PCUNode3ABS;0x3f800000;200000
20;PCUNode3ABS;0x3f800000;200000
20;PCUNode3ABS;0x3f800000;200000
20;PCUNode3ABS;0x3f800000;200000
20;PCUNode3ABS;0x3f800000;200000
20;PCUNode3ABS;0x3f800000;200000
20;PCUNode3ABS;0x3f800000;200000
20;PCUNode3ABS;0x3f800000;200000
20;PCUNode3ABS;0x3f800000;200000
20;PCUNode3ABS;0x3f800000;200000
20;PCUNode3ABS;0x3f800000;200000
20;PCUNode3ABS;0x3f800000;200000
20;PCUNode3ABS;0x3f800000;200000
20;PCUNode3ABS;0x3f800000;200000
20;PCUNode3ABS;0x3f800000;200000
20;PCUNode3ABS;0x3f800000;200000
20;PCUNode3ABS;0x3f800000;200000
20;PCUNode3ABS;0x3f800000;200000
20;PCUNode3ABS;0x3f800000;200000
20;PCUNode3ABS;0x3f800000;200000
20;PCUNode3ABS;0x3f800000;200000
20;PCUNode3ABS;0x3f800000;200000
20;PCUNode3ABS;0x3f800000;200000
20;PCUNode3ABS;0x3f800000;200000
20;PCUNode3ABS;0x3f800000;200000
20;PCUNode3ABS;0x3f800000;200000
20;PCUNode3ABS;0x3f800000;200000
20;PCUNode3ABS;0x3f800000;200000
20;PCUNode3ABS;0x3f800000;200000
20;PCUNode3ABS;0x3f800000;200000
20;PCUNode3ABS;0x3f800000;200000
20;PCUNode3ABS;0x3f800000;200000
20;PCUNode3ABS;0x3f800000;200000
20;PCUNode3ABS;0x3f800000;200000
20;PCUNode3ABS;0x3f800000;200000
20;PCUNode3ABS;0x3f800000;200000
20;PCUNode3ABS;0x3f800000;200000
20;PCUNode3ABS;0x3f800000;200000
20;PCUNode3ABS;0x3f800000;200000
20;PCUNode3ABS;0x3f800000;200000
20;PCUNode3ABS;0x3f800000;200000
20;PCUNode3ABS;0x3f800000;200000
20;PCUNode3ABS;0x3f800000;200000
20;PCUNode3ABS;0x3f800000;200000
20;PCUNode3ABS;0x3f800000;200000
20;PCUNode3ABS;0x3f800000;200000
20;PCUNode3ABS;0x3f800000;200000
20;PCUNode3ABS;0x3f800000;200000
20;PCUNode3ABS;0x3f800000;200000
20;PCUNode3ABS;0x3f800000;200000
20;PCUNode3ABS;0x3f800000;200000
20;PCUNode3ABS;0x3f800000;200000
20;PCUNode3ABS;0x3f800000;200000
20;PCUNode3ABS;0x3f800000;200000
20;PCUNode3ABS;0x3f800000;200000
20;PCUNode3ABS;0x3f800000;200000
20;PCUNode3ABS;0x3f800000;200000
20;PCUNode3ABS;0x3f800000;200000
20;PCUNode3ABS;0x3f800000;200000
20;PCUNode3ABS;0x3f800000;200000
20;PCUNode3ABS;0x3f800000;200000
20;PCUNode3ABS;0x3f800000;200000
20;PCUNode3ABS;0x3f800000;200000
20;PCUNode3ABS;0x3f800000;200000
20;PCUNode3ABS;0x3f800000;200000
20;PCUNode3ABS;0x3f800000;200000
20;PCUNode3ABS;0x3f800000;200000
20;PCUNode3ABS;0x3f800000;200000
20;PCUNode3ABS;0x3f800000;200000
20;PCUNode3ABS;0x3f800000;200000
20;PCUNode3ABS;0x3f800000;200000
20;PCUNode3ABS;0x3f800000;200000
20;PCUNode3ABS;0x3f800000;200000
20;PCUNode3ABS;0x3f800000;200000
20;PCUNode3ABS;0x3f800000;200000
20;PCUNode3ABS;0x3f800000;200000
20;PCUNode3ABS;0x3f800000;200000
20;PCUNode3ABS;0x3f800000;200000
20;PCUNode3ABS;0x3f800000;200000
20;PCUNode3ABS;0x3f800000;200000
20;PCUNode3ABS;0x3f800000;200000
20;PCUNode3ABS;0x3f800000;200000
20;PCUNode3ABS;0x3f800000;200000
20;PCUNode3ABS;0x3f800000;200000
20;PCUNode3ABS;0x3f800000;200000
20;PCUNode3ABS;0x3f800000;200000
20;PCUNode3ABS;0x3f800000;200000
20;PCUNode3ABS;0x3f800000;200000
20;PCUNode3ABS;0x3f800000;200000
20;PCUNode3ABS;0x3f800000;200000
20;PCUNode3ABS;0x3f800000;200000
20;PCUNode3ABS;0x3f800000;200000
20;PCUNode3ABS;0x3f800000;200000
20;PCUNode3ABS;0x3f800000;200000
20;PCUNode3ABS;0x3f800000;200000
20;PCUNode3ABS;0x3f800000;200000
20;PCUNode3ABS;0x3f800000;200000
20;PCUNode3ABS;0x3f800000;200000
20;PCUNode3ABS;0x3f800000;200000
20;PCUNode3ABS;0x3f800000;200000
20;PCUNode3ABS;0x3f800000;200000
20;PCUNode3ABS;0x3f800000;200000
20;PCUNode3ABS;0x3f800000;200000
20;PCUNode3ABS;0x3f800000;200000
20;PCUNode3ABS;0x3f800000;200000
20;PCUNode3ABS;0x3f800000;200000
20;PCUNode3ABS;0x3f800000;200000
20;PCUNode3ABS;0x3f800000;200000
20;PCUNode3ABS;0x3f800000;200000
20;PCUNode3ABS;0x3f800000;200000
20;PCUNode3ABS;0x3f800000;200000
20;PCUNode3ABS;0x3f800000;200000
20;PCUNode3ABS;0x3f800000;200000
20;PCUNode3ABS;0x3f800000;200000
20;PCUNode3ABS;0x3f800000;200000
20;PCUNode3ABS;0x3f800000;200000
20;PCUNode3ABS;0x3f800000;200000
20;PCUNode3ABS;0x3f800000;200000
20;PCUNode3ABS;0x3f800000;200000
20;PCUNode3ABS;0x3f800000;200000
20;PCUNode3ABS;0x3f800000;200000
20;PCUNode3ABS;0x3f800000;200000
20;PCUNode3ABS;0x3f800000;200000
20;PCUNode3ABS;0x3f800000;200000
20;PCUNode3ABS;0x3f800000;200000
20;PCUNode3ABS;0x3f800000;200000
20;PCUNode3ABS;0x3f800000;200000
20;PCUNode3ABS;0x3f800000;200000
20;PCUNode3ABS;0x3f800000;200000
20;PCUNode3ABS;0x3f800000;200000
20;PCUNode3ABS;0x3f800000;200000
20;PCUNode3ABS;0x3f800000;200000
20;PCUNode3ABS;0x3f800000;200000
20;PCUNode3ABS;0x3f800000;200000
20;PCUNode3ABS;0x3f800000;200000
20;PCUNode3ABS;0x3f800000;200000
20;PCUNode3ABS;0x3f800000;200000
20;PCUNode3ABS;0x3f800000;200000
20;PCUNode3ABS;0x3f800000;200000
20;PCUNode3ABS;0x3f800000;200000
