30;PCUNode2Hydro;0x3f800000;360000
30;PCUNode2Hydro;0x3f800000;360000
30;PCUNode2Hydro;0x3f800000;360000
30;PCUNode2Hydro;0x3f800000;360000
30;PCUNode2Hydro;0x3f800000;360000
30;PCUNode2Hydro;0x3f800000;360000
30;PCUNode2Hydro;0x3f800000;360000
30;PCUNode2Hydro;0x3f800000;360000
30;PCUNode2Hydro;0x3f800000;360000
30;PCUNode2Hydro;0x3f800000;360000
30;PCUNode2Hydro;0x3f800000;360000
30;PCUNode2Hydro;0x3f800000;360000
30;PCUNode2Hydro;0x3f800000;360000
30;PCUNode2Hydro;0x3f800000;360000
30;PCUNode2Hydro;0x3f800000;360000
30;PCUNode2Hydro;0x3f800000;360000
30;PCUNode2Hydro;0x3f800000;360000
30;PCUNode2Hydro;0x3f800000;360000
30;PCUNode2Hydro;0x3f800000;360000
30;PCUNode2Hydro;0x3f800000;360000
30;PCUNode2Hydro;0x3f800000;360000
30;PCUNode2Hydro;0x3f800000;360000
30;PCUNode2Hydro;0x3f800000;360000
30;PCUNode2Hydro;0x3f800000;360000
30;PCUNode2Hydro;0x3f800000;360000
30;PCUNode2Hydro;0x3f800000;360000
30;PCUNode2Hydro;0x3f800000;360000
30;PCUNode2Hydro;0x3f800000;360000
30;PCUNode2Hydro;0x3f800000;360000
30;PCUNode2Hydro;0x3f800000;360000
30;PCUNode2Hydro;0x3f800000;360000
30;PCUNode2Hydro;0x3f800000;360000
30;PCUNode2Hydro;0x3f800000;360000
30;PCUNode2Hydro;0x3f800000;360000
30;PCUNode2Hydro;0x3f800000;360000
30;PCUNode2Hydro;0x3f800000;360000
30;PCUNode2Hydro;0x3f800000;360000
30;PCUNode2Hydro;0x3f800000;360000
30;PCUNode2Hydro;0x3f800000;360000
30;PCUNode2Hydro;0x3f800000;360000
30;PCUNode2Hydro;0x3f800000;360000
30;PCUNode2Hydro;0x3f800000;360000
30;PCUNode2Hydro;0x3f800000;360000
30;PCUNode2Hydro;0x3f800000;360000
30;PCUNode2Hydro;0x3f800000;360000
30;PCUNode2Hydro;0x3f800000;360000
30;PCUNode2Hydro;0x3f800000;360000
30;PCUNode2Hydro;0x3f800000;360000
30;PCUNode2Hydro;0x3f800000;360000
30;PCUNode2Hydro;0x3f800000;360000
30;PCUNode2Hydro;0x3f800000;360000
30;PCUNode2Hydro;0x3f800000;360000
30;PCUNode2Hydro;0x3f800000;360000
30;PCUNode2Hydro;0x3f800000;360000
30;PCUNode2Hydro;0x3f800000;360000
30;PCUNode2Hydro;0x3f800000;360000
30;PCUNode2Hydro;0x3f800000;360000
30;PCUNode2Hydro;0x3f800000;360000
30;PCUNode2Hydro;0x3f800000;360000
30;PCUNode2Hydro;0x3f800000;360000
30;PCUNode2Hydro;0x3f800000;360000
30;PCUNode2Hydro;0x3f800000;360000
30;PCUNode2Hydro;0x3f800000;360000
30;PCUNode2Hydro;0x3f800000;360000
30;PCUNode2Hydro;0x3f800000;360000
30;PCUNode2Hydro;0x3f800000;360000
30;PCUNode2Hydro;0x3f800000;360000
30;PCUNode2Hydro;0x3f800000;360000
30;PCUNode2Hydro;0x3f800000;360000
30;PCUNode2Hydro;0x3f800000;360000
30;PCUNode2Hydro;0x3f800000;360000
30;PCUNode2Hydro;0x3f800000;360000
30;PCUNode2Hydro;0x3f800000;360000
30;PCUNode2Hydro;0x3f800000;360000
30;PCUNode2Hydro;0x3f800000;360000
30;PCUNode2Hydro;0x3f800000;360000
30;PCUNode2Hydro;0x3f800000;360000
30;PCUNode2Hydro;0x3f800000;360000
30;PCUNode2Hydro;0x3f800000;360000
30;PCUNode2Hydro;0x3f800000;360000
30;PCUNode2Hydro;0x3f800000;360000
30;PCUNode2Hydro;0x3f800000;360000
30;PCUNode2Hydro;0x3f800000;360000
30;PCUNode2Hydro;0x3f800000;360000
30;PCUNode2Hydro;0x3f800000;360000
30;PCUNode2Hydro;0x3f800000;360000
30;PCUNode2Hydro;0x3f800000;360000
30;PCUNode2Hydro;0x3f800000;360000
30;PCUNode2Hydro;0x3f800000;360000
30;PCUNode2Hydro;0x3f800000;360000
30;PCUNode2Hydro;0x3f800000;360000
30;PCUNode2Hydro;0x3f800000;360000
30;PCUNode2Hydro;0x3f800000;360000
30;PCUNode2Hydro;0x3f800000;360000
30;PCUNode2Hydro;0x3f800000;360000
30;PCUNode2Hydro;0x3f800000;360000
30;PCUNode2Hydro;0x3f800000;360000
30;PCUNode2Hydro;0x3f800000;360000
30;PCUNode2Hydro;0x3f800000;360000
30;PCUNode2Hydro;0x3f800000;360000
30;PCUNode2Hydro;0x3f800000;360000
30;PCUNode2Hydro;0x3f800000;360000
30;PCUNode2Hydro;0x3f800000;360000
30;PCUNode2Hydro;0x3f800000;360000
30;PCUNode2Hydro;0x3f800000;360000
30;PCUNode2Hydro;0x3f800000;360000
30;PCUNode2Hydro;0x3f800000;360000
30;PCUNode2Hydro;0x3f800000;360000
30;PCUNode2Hydro;0x3f800000;360000
30;PCUNode2Hydro;0x3f800000;360000
30;PCUNode2Hydro;0x3f800000;360000
30;PCUNode2Hydro;0x3f800000;360000
30;PCUNode2Hydro;0x3f800000;360000
30;PCUNode2Hydro;0x3f800000;360000
30;PCUNode2Hydro;0x3f800000;360000
30;PCUNode2Hydro;0x3f800000;360000
30;PCUNode2Hydro;0x3f800000;360000
30;PCUNode2Hydro;0x3f800000;360000
30;PCUNode2Hydro;0x3f800000;360000
30;PCUNode2Hydro;0x3f800000;360000
30;PCUNode2Hydro;0x3f800000;360000
30;PCUNode2Hydro;0x3f800000;360000
30;PCUNode2Hydro;0x3f800000;360000
30;PCUNode2Hydro;0x3f800000;360000
30;PCUNode2Hydro;0x3f800000;360000
30;PCUNode2Hydro;0x3f800000;360000
30;PCUNode2Hydro;0x3f800000;360000
30;PCUNode2Hydro;0x3f800000;360000
30;PCUNode2Hydro;0x3f800000;360000
30;PCUNode2Hydro;0x3f800000;360000
30;PCUNode2Hydro;0x3f800000;360000
30;PCUNode2Hydro;0x3f800000;360000
30;PCUNode2Hydro;0x3f800000;360000
30;PCUNode2Hydro;0x3f800000;360000
30;PCUNode2Hydro;0x3f800000;360000
30;PCUNode2Hydro;0x3f800000;360000
30;PCUNode2Hydro;0x3f800000;360000
30;PCUNode2Hydro;0x3f800000;360000
30;PCUNode2Hydro;0x3f800000;360000
30;PCUNode2Hydro;0x3f800000;360000
30;PCUNode2Hydro;0x3f800000;360000
30;PCUNode2Hydro;0x3f800000;360000
30;PCUNode2Hydro;0x3f800000;360000
30;PCUNode2Hydro;0x3f800000;360000
30;PCUNode2Hydro;0x3f800000;360000
30;PCUNode2Hydro;0x3f800000;360000
30;PCUNode2Hydro;0x3f800000;360000
30;PCUNode2Hydro;0x3f800000;360000
30;PCUNode2Hydro;0x3f800000;360000
30;PCUNode2Hydro;0x3f800000;360000
30;PCUNode2Hydro;0x3f800000;360000
30;PCUNode2Hydro;0x3f800000;360000
30;PCUNode2Hydro;0x3f800000;360000
30;PCUNode2Hydro;0x3f800000;360000
30;PCUNode2Hydro;0x3f800000;360000
30;PCUNode2Hydro;0x3f800000;360000
30;PCUNode2Hydro;0x3f800000;360000
30;PCUNode2Hydro;0x3f800000;360000
30;PCUNode2Hydro;0x3f800000;360000
30;PCUNode2Hydro;0x3f800000;360000
30;PCUNode2Hydro;0x3f800000;360000
30;PCUNode2Hydro;0x3f800000;360000
30;PCUNode2Hydro;0x3f800000;360000
30;PCUNode2Hydro;0x3f800000;360000
30;PCUNode2Hydro;0x3f800000;360000
30;PCUNode2Hydro;0x3f800000;360000
30;PCUNode2Hydro;0x3f800000;360000
30;PCUNode2Hydro;0x3f800000;360000
30;PCUNode2Hydro;0x3f800000;360000
30;PCUNode2Hydro;0x3f800000;360000
30;PCUNode2Hydro;0x3f800000;360000
30;PCUNode2Hydro;0x3f800000;360000
30;PCUNode2Hydro;0x3f800000;360000
30;PCUNode2Hydro;0x3f800000;360000
30;PCUNode2Hydro;0x3f800000;360000
30;PCUNode2Hydro;0x3f800000;360000
30;PCUNode2Hydro;0x3f800000;360000
30;PCUNode2Hydro;0x3f800000;360000
30;PCUNode2Hydro;0x3f800000;360000
30;PCUNode2Hydro;0x3f800000;360000
30;PCUNode2Hydro;0x3f800000;360000
30;PCUNode2Hydro;0x3f800000;360000
30;PCUNode2Hydro;0x3f800000;360000
30;PCUNode2Hydro;0x3f800000;360000
30;PCUNode2Hydro;0x3f800000;360000
30;PCUNode2Hydro;0x3f800000;360000
30;PCUNode2Hydro;0x3f800000;360000
30;PCUNode2Hydro;0x3f800000;360000
30;PCUNode2Hydro;0x3f800000;360000
30;PCUNode2Hydro;0x3f800000;360000
30;PCUNode2Hydro;0x3f800000;360000
30;PCUNode2Hydro;0x3f800000;360000
30;PCUNode2Hydro;0x3f800000;360000
30;PCUNode2Hydro;0x3f800000;360000
30;PCUNode2Hydro;0x3f800000;360000
30;PCUNode2Hydro;0x3f800000;360000
30;PCUNode2Hydro;0x3f800000;360000
30;PCUNode2Hydro;0x3f800000;360000
30;PCUNode2Hydro;0x3f800000;360000
30;PCUNode2Hydro;0x3f800000;360000
30;PCUNode2Hydro;0x3f800000;360000
30;PCUNode2Hydro;0x3f800000;360000
30;PCUNode2Hydro;0x3f800000;360000
30;PCUNode2Hydro;0x3f800000;360000
30;PCUNode2Hydro;0x3f800000;360000
30;PCUNode2Hydro;0x3f800000;360000
30;PCUNode2Hydro;0x3f800000;360000
30;PCUNode2Hydro;0x3f800000;360000
30;PCUNode2Hydro;0x3f800000;360000
30;PCUNode2Hydro;0x3f800000;360000
30;PCUNode2Hydro;0x3f800000;360000
30;PCUNode2Hydro;0x3f800000;360000
30;PCUNode2Hydro;0x3f800000;360000
30;PCUNode2Hydro;0x3f800000;360000
30;PCUNode2Hydro;0x3f800000;360000
30;PCUNode2Hydro;0x3f800000;360000
30;PCUNode2Hydro;0x3f800000;360000
30;PCUNode2Hydro;0x3f800000;360000
30;PCUNode2Hydro;0x3f800000;360000
30;PCUNode2Hydro;0x3f800000;360000
30;PCUNode2Hydro;0x3f800000;360000
30;PCUNode2Hydro;0x3f800000;360000
30;PCUNode2Hydro;0x3f800000;360000
30;PCUNode2Hydro;0x3f800000;360000
30;PCUNode2Hydro;0x3f800000;360000
30;PCUNode2Hydro;0x3f800000;360000
30;PCUNode2Hydro;0x3f800000;360000
30;PCUNode2Hydro;0x3f800000;360000
30;PCUNode2Hydro;0x3f800000;360000
30;PCUNode2Hydro;0x3f800000;360000
30;PCUNode2Hydro;0x3f800000;360000
30;PCUNode2Hydro;0x3f800000;360000
30;PCUNode2Hydro;0x3f800000;360000
30;PCUNode2Hydro;0x3f800000;360000
30;PCUNode2Hydro;0x3f800000;360000
30;PCUNode2Hydro;0x3f800000;360000
30;PCUNode2Hydro;0x3f800000;360000
30;PCUNode2Hydro;0x3f800000;360000
30;PCUNode2Hydro;0x3f800000;360000
30;PCUNode2Hydro;0x3f800000;360000
30;PCUNode2Hydro;0x3f800000;360000
30;PCUNode2Hydro;0x3f800000;360000
30;PCUNode2Hydro;0x3f800000;360000
30;PCUNode2Hydro;0x3f800000;360000
30;PCUNode2Hydro;0x3f800000;360000
30;PCUNode2Hydro;0x3f800000;360000
30;PCUNode2Hydro;0x3f800000;360000
30;PCUNode2Hydro;0x3f800000;360000
30;PCUNode2Hydro;0x3f800000;360000
30;PCUNode2Hydro;0x3f800000;360000
30;PCUNode2Hydro;0x3f800000;360000
30;PCUNode2Hydro;0x3f800000;360000
30;PCUNode2Hydro;0x3f800000;360000
30;PCUNode2Hydro;0x3f800000;360000
30;PCUNode2Hydro;0x3f800000;360000
30;PCUNode2Hydro;0x3f800000;360000
30;PCUNode2Hydro;0x3f800000;360000
30;PCUNode2Hydro;0x3f800000;360000
30;PCUNode2Hydro;0x3f800000;360000
30;PCUNode2Hydro;0x3f800000;360000
30;PCUNode2Hydro;0x3f800000;360000
30;PCUNode2Hydro;0x3f800000;360000
30;PCUNode2Hydro;0x3f800000;360000
30;PCUNode2Hydro;0x3f800000;360000
30;PCUNode2Hydro;0x3f800000;360000
30;PCUNode2Hydro;0x3f800000;360000
30;PCUNode2Hydro;0x3f800000;360000
30;PCUNode2Hydro;0x3f800000;360000
30;PCUNode2Hydro;0x3f800000;360000
30;PCUNode2Hydro;0x3f800000;360000
30;PCUNode2Hydro;0x3f800000;360000
30;PCUNode2Hydro;0x3f800000;360000
30;PCUNode2Hydro;0x3f800000;360000
30;PCUNode2Hydro;0x3f800000;360000
30;PCUNode2Hydro;0x3f800000;360000
30;PCUNode2Hydro;0x3f800000;360000
30;PCUNode2Hydro;0x3f800000;360000
30;PCUNode2Hydro;0x3f800000;360000
30;PCUNode2Hydro;0x3f800000;360000
30;PCUNode2Hydro;0x3f800000;360000
30;PCUNode2Hydro;0x3f800000;360000
30;PCUNode2Hydro;0x3f800000;360000
30;PCUNode2Hydro;0x3f800000;360000
30;PCUNode2Hydro;0x3f800000;360000
30;PCUNode2Hydro;0x3f800000;360000
30;PCUNode2Hydro;0x3f800000;360000
30;PCUNode2Hydro;0x3f800000;360000
30;PCUNode2Hydro;0x3f800000;360000
30;PCUNode2Hydro;0x3f800000;360000
30;PCUNode2Hydro;0x3f800000;360000
30;PCUNode2Hydro;0x3f800000;360000
30;PCUNode2Hydro;0x3f800000;360000
30;PCUNode2Hydro;0x3f800000;360000
30;PCUNode2Hydro;0x3f800000;360000
30;PCUNode2Hydro;0x3f800000;360000
30;PCUNode2Hydro;0x3f800000;360000
30;PCUNode2Hydro;0x3f800000;360000
30;PCUNode2Hydro;0x3f800000;360000
30;PCUNode2Hydro;0x3f800000;360000
30;PCUNode2Hydro;0x3f800000;360000
30;PCUNode2Hydro;0x3f800000;360000
30;PCUNode2Hydro;0x3f800000;360000
30;PCUNode2Hydro;0x3f800000;360000
30;PCUNode2Hydro;0x3f800000;360000
30;PCUNode2Hydro;0x3f800000;360000
30;PCUNode2Hydro;0x3f800000;360000
30;PCUNode2Hydro;0x3f800000;360000
30;PCUNode2Hydro;0x3f800000;360000
30;PCUNode2Hydro;0x3f800000;360000
30;PCUNode2Hydro;0x3f800000;360000
30;PCUNode2Hydro;0x3f800000;360000
30;PCUNode2Hydro;0x3f800000;360000
30;PCUNode2Hydro;0x3f800000;360000
30;PCUNode2Hydro;0x3f800000;360000
30;PCUNode2Hydro;0x3f800000;360000
30;PCUNode2Hydro;0x3f800000;360000
30;PCUNode2Hydro;0x3f800000;360000
30;PCUNode2Hydro;0x3f800000;360000
30;PCUNode2Hydro;0x3f800000;360000
30;PCUNode2Hydro;0x3f800000;360000
30;PCUNode2Hydro;0x3f800000;360000
30;PCUNode2Hydro;0x3f800000;360000
30;PCUNode2Hydro;0x3f800000;360000
30;PCUNode2Hydro;0x3f800000;360000
30;PCUNode2Hydro;0x3f800000;360000
30;PCUNode2Hydro;0x3f800000;360000
30;PCUNode2Hydro;0x3f800000;360000
30;PCUNode2Hydro;0x3f800000;360000
30;PCUNode2Hydro;0x3f800000;360000
30;PCUNode2Hydro;0x3f800000;360000
30;PCUNode2Hydro;0x3f800000;360000
30;PCUNode2Hydro;0x3f800000;360000
30;PCUNode2Hydro;0x3f800000;360000
30;PCUNode2Hydro;0x3f800000;360000
30;PCUNode2Hydro;0x3f800000;360000
30;PCUNode2Hydro;0x3f800000;360000
30;PCUNode2Hydro;0x3f800000;360000
30;PCUNode2Hydro;0x3f800000;360000
30;PCUNode2Hydro;0x3f800000;360000
30;PCUNode2Hydro;0x3f800000;360000
30;PCUNode2Hydro;0x3f800000;360000
30;PCUNode2Hydro;0x3f800000;360000
30;PCUNode2Hydro;0x3f800000;360000
30;PCUNode2Hydro;0x3f800000;360000
30;PCUNode2Hydro;0x3f800000;360000
30;PCUNode2Hydro;0x3f800000;360000
30;PCUNode2Hydro;0x3f800000;360000
30;PCUNode2Hydro;0x3f800000;360000
30;PCUNode2Hydro;0x3f800000;360000
30;PCUNode2Hydro;0x3f800000;360000
30;PCUNode2Hydro;0x3f800000;360000
30;PCUNode2Hydro;0x3f800000;360000
30;PCUNode2Hydro;0x3f800000;360000
30;PCUNode2Hydro;0x3f800000;360000
30;PCUNode2Hydro;0x3f800000;360000
30;PCUNode2Hydro;0x3f800000;360000
30;PCUNode2Hydro;0x3f800000;360000
30;PCUNode2Hydro;0x3f800000;360000
30;PCUNode2Hydro;0x3f800000;360000
30;PCUNode2Hydro;0x3f800000;360000
30;PCUNode2Hydro;0x3f800000;360000
30;PCUNode2Hydro;0x3f800000;360000
30;PCUNode2Hydro;0x3f800000;360000
30;PCUNode2Hydro;0x3f800000;360000
30;PCUNode2Hydro;0x3f800000;360000
30;PCUNode2Hydro;0x3f800000;360000
30;PCUNode2Hydro;0x3f800000;360000
30;PCUNode2Hydro;0x3f800000;360000
30;PCUNode2Hydro;0x3f800000;360000
30;PCUNode2Hydro;0x3f800000;360000
30;PCUNode2Hydro;0x3f800000;360000
30;PCUNode2Hydro;0x3f800000;360000
30;PCUNode2Hydro;0x3f800000;360000
30;PCUNode2Hydro;0x3f800000;360000
30;PCUNode2Hydro;0x3f800000;360000
30;PCUNode2Hydro;0x3f800000;360000
30;PCUNode2Hydro;0x3f800000;360000
30;PCUNode2Hydro;0x3f800000;360000
30;PCUNode2Hydro;0x3f800000;360000
30;PCUNode2Hydro;0x3f800000;360000
30;PCUNode2Hydro;0x3f800000;360000
30;PCUNode2Hydro;0x3f800000;360000
30;PCUNode2Hydro;0x3f800000;360000
30;PCUNode2Hydro;0x3f800000;360000
30;PCUNode2Hydro;0x3f800000;360000
30;PCUNode2Hydro;0x3f800000;360000
30;PCUNode2Hydro;0x3f800000;360000
30;PCUNode2Hydro;0x3f800000;360000
30;PCUNode2Hydro;0x3f800000;360000
30;PCUNode2Hydro;0x3f800000;360000
30;PCUNode2Hydro;0x3f800000;360000
30;PCUNode2Hydro;0x3f800000;360000
30;PCUNode2Hydro;0x3f800000;360000
30;PCUNode2Hydro;0x3f800000;360000
30;PCUNode2Hydro;0x3f800000;360000
30;PCUNode2Hydro;0x3f800000;360000
30;PCUNode2Hydro;0x3f800000;360000
30;PCUNode2Hydro;0x3f800000;360000
30;PCUNode2Hydro;0x3f800000;360000
30;PCUNode2Hydro;0x3f800000;360000
30;PCUNode2Hydro;0x3f800000;360000
30;PCUNode2Hydro;0x3f800000;360000
30;PCUNode2Hydro;0x3f800000;360000
30;PCUNode2Hydro;0x3f800000;360000
30;PCUNode2Hydro;0x3f800000;360000
30;PCUNode2Hydro;0x3f800000;360000
30;PCUNode2Hydro;0x3f800000;360000
30;PCUNode2Hydro;0x3f800000;360000
30;PCUNode2Hydro;0x3f800000;360000
30;PCUNode2Hydro;0x3f800000;360000
30;PCUNode2Hydro;0x3f800000;360000
30;PCUNode2Hydro;0x3f800000;360000
30;PCUNode2Hydro;0x3f800000;360000
30;PCUNode2Hydro;0x3f800000;360000
30;PCUNode2Hydro;0x3f800000;360000
30;PCUNode2Hydro;0x3f800000;360000
30;PCUNode2Hydro;0x3f800000;360000
30;PCUNode2Hydro;0x3f800000;360000
30;PCUNode2Hydro;0x3f800000;360000
30;PCUNode2Hydro;0x3f800000;360000
30;PCUNode2Hydro;0x3f800000;360000
30;PCUNode2Hydro;0x3f800000;360000
30;PCUNode2Hydro;0x3f800000;360000
30;PCUNode2Hydro;0x3f800000;360000
30;PCUNode2Hydro;0x3f800000;360000
30;PCUNode2Hydro;0x3f800000;360000
30;PCUNode2Hydro;0x3f800000;360000
30;PCUNode2Hydro;0x3f800000;360000
30;PCUNode2Hydro;0x3f800000;360000
30;PCUNode2Hydro;0x3f800000;360000
30;PCUNode2Hydro;0x3f800000;360000
30;PCUNode2Hydro;0x3f800000;360000
30;PCUNode2Hydro;0x3f800000;360000
30;PCUNode2Hydro;0x3f800000;360000
30;PCUNode2Hydro;0x3f800000;360000
30;PCUNode2Hydro;0x3f800000;360000
30;PCUNode2Hydro;0x3f800000;360000
30;PCUNode2Hydro;0x3f800000;360000
30;PCUNode2Hydro;0x3f800000;360000
30;PCUNode2Hydro;0x3f800000;360000
30;PCUNode2Hydro;0x3f800000;360000
30;PCUNode2Hydro;0x3f800000;360000
30;PCUNode2Hydro;0x3f800000;360000
30;PCUNode2Hydro;0x3f800000;360000
30;PCUNode2Hydro;0x3f800000;360000
30;PCUNode2Hydro;0x3f800000;360000
30;PCUNode2Hydro;0x3f800000;360000
30;PCUNode2Hydro;0x3f800000;360000
30;PCUNode2Hydro;0x3f800000;360000
30;PCUNode2Hydro;0x3f800000;360000
30;PCUNode2Hydro;0x3f800000;360000
30;PCUNode2Hydro;0x3f800000;360000
30;PCUNode2Hydro;0x3f800000;360000
30;PCUNode2Hydro;0x3f800000;360000
30;PCUNode2Hydro;0x3f800000;360000
30;PCUNode2Hydro;0x3f800000;360000
30;PCUNode2Hydro;0x3f800000;360000
30;PCUNode2Hydro;0x3f800000;360000
30;PCUNode2Hydro;0x3f800000;360000
30;PCUNode2Hydro;0x3f800000;360000
30;PCUNode2Hydro;0x3f800000;360000
30;PCUNode2Hydro;0x3f800000;360000
30;PCUNode2Hydro;0x3f800000;360000
30;PCUNode2Hydro;0x3f800000;360000
30;PCUNode2Hydro;0x3f800000;360000
30;PCUNode2Hydro;0x3f800000;360000
30;PCUNode2Hydro;0x3f800000;360000
30;PCUNode2Hydro;0x3f800000;360000
30;PCUNode2Hydro;0x3f800000;360000
30;PCUNode2Hydro;0x3f800000;360000
30;PCUNode2Hydro;0x3f800000;360000
30;PCUNode2Hydro;0x3f800000;360000
30;PCUNode2Hydro;0x3f800000;360000
30;PCUNode2Hydro;0x3f800000;360000
30;PCUNode2Hydro;0x3f800000;360000
30;PCUNode2Hydro;0x3f800000;360000
30;PCUNode2Hydro;0x3f800000;360000
30;PCUNode2Hydro;0x3f800000;360000
30;PCUNode2Hydro;0x3f800000;360000
30;PCUNode2Hydro;0x3f800000;360000
30;PCUNode2Hydro;0x3f800000;360000
30;PCUNode2Hydro;0x3f800000;360000
30;PCUNode2Hydro;0x3f800000;360000
30;PCUNode2Hydro;0x3f800000;360000
30;PCUNode2Hydro;0x3f800000;360000
30;PCUNode2Hydro;0x3f800000;360000
30;PCUNode2Hydro;0x3f800000;360000
30;PCUNode2Hydro;0x3f800000;360000
30;PCUNode2Hydro;0x3f800000;360000
30;PCUNode2Hydro;0x3f800000;360000
30;PCUNode2Hydro;0x3f800000;360000
30;PCUNode2Hydro;0x3f800000;360000
30;PCUNode2Hydro;0x3f800000;360000
30;PCUNode2Hydro;0x3f800000;360000
30;PCUNode2Hydro;0x3f800000;360000
30;PCUNode2Hydro;0x3f800000;360000
30;PCUNode2Hydro;0x3f800000;360000
30;PCUNode2Hydro;0x3f800000;360000
30;PCUNode2Hydro;0x3f800000;360000
30;PCUNode2Hydro;0x3f800000;360000
30;PCUNode2Hydro;0x3f800000;360000
30;PCUNode2Hydro;0x3f800000;360000
30;PCUNode2Hydro;0x3f800000;360000
30;PCUNode2Hydro;0x3f800000;360000
30;PCUNode2Hydro;0x3f800000;360000
30;PCUNode2Hydro;0x3f800000;360000
30;PCUNode2Hydro;0x3f800000;360000
30;PCUNode2Hydro;0x3f800000;360000
30;PCUNode2Hydro;0x3f800000;360000
30;PCUNode2Hydro;0x3f800000;360000
30;PCUNode2Hydro;0x3f800000;360000
30;PCUNode2Hydro;0x3f800000;360000
30;PCUNode2Hydro;0x3f800000;360000
30;PCUNode2Hydro;0x3f800000;360000
30;PCUNode2Hydro;0x3f800000;360000
30;PCUNode2Hydro;0x3f800000;360000
30;PCUNode2Hydro;0x3f800000;360000
30;PCUNode2Hydro;0x3f800000;360000
30;PCUNode2Hydro;0x3f800000;360000
30;PCUNode2Hydro;0x3f800000;360000
30;PCUNode2Hydro;0x3f800000;360000
30;PCUNode2Hydro;0x3f800000;360000
30;PCUNode2Hydro;0x3f800000;360000
30;PCUNode2Hydro;0x3f800000;360000
30;PCUNode2Hydro;0x3f800000;360000
30;PCUNode2Hydro;0x3f800000;360000
30;PCUNode2Hydro;0x3f800000;360000
30;PCUNode2Hydro;0x3f800000;360000
30;PCUNode2Hydro;0x3f800000;360000
30;PCUNode2Hydro;0x3f800000;360000
30;PCUNode2Hydro;0x3f800000;360000
30;PCUNode2Hydro;0x3f800000;360000
30;PCUNode2Hydro;0x3f800000;360000
30;PCUNode2Hydro;0x3f800000;360000
30;PCUNode2Hydro;0x3f800000;360000
30;PCUNode2Hydro;0x3f800000;360000
30;PCUNode2Hydro;0x3f800000;360000
30;PCUNode2Hydro;0x3f800000;360000
30;PCUNode2Hydro;0x3f800000;360000
30;PCUNode2Hydro;0x3f800000;360000
30;PCUNode2Hydro;0x3f800000;360000
30;PCUNode2Hydro;0x3f800000;360000
30;PCUNode2Hydro;0x3f800000;360000
30;PCUNode2Hydro;0x3f800000;360000
30;PCUNode2Hydro;0x3f800000;360000
30;PCUNode2Hydro;0x3f800000;360000
30;PCUNode2Hydro;0x3f800000;360000
30;PCUNode2Hydro;0x3f800000;360000
30;PCUNode2Hydro;0x3f800000;360000
30;PCUNode2Hydro;0x3f800000;360000
30;PCUNode2Hydro;0x3f800000;360000
30;PCUNode2Hydro;0x3f800000;360000
30;PCUNode2Hydro;0x3f800000;360000
30;PCUNode2Hydro;0x3f800000;360000
30;PCUNode2Hydro;0x3f800000;360000
30;PCUNode2Hydro;0x3f800000;360000
30;PCUNode2Hydro;0x3f800000;360000
30;PCUNode2Hydro;0x3f800000;360000
30;PCUNode2Hydro;0x3f800000;360000
30;PCUNode2Hydro;0x3f800000;360000
30;PCUNode2Hydro;0x3f800000;360000
30;PCUNode2Hydro;0x3f800000;360000
30;PCUNode2Hydro;0x3f800000;360000
30;PCUNode2Hydro;0x3f800000;360000
30;PCUNode2Hydro;0x3f800000;360000
30;PCUNode2Hydro;0x3f800000;360000
30;PCUNode2Hydro;0x3f800000;360000
30;PCUNode2Hydro;0x3f800000;360000
30;PCUNode2Hydro;0x3f800000;360000
30;PCUNode2Hydro;0x3f800000;360000
30;PCUNode2Hydro;0x3f800000;360000
30;PCUNode2Hydro;0x3f800000;360000
30;PCUNode2Hydro;0x3f800000;360000
30;PCUNode2Hydro;0x3f800000;360000
30;PCUNode2Hydro;0x3f800000;360000
30;PCUNode2Hydro;0x3f800000;360000
30;PCUNode2Hydro;0x3f800000;360000
30;PCUNode2Hydro;0x3f800000;360000
30;PCUNode2Hydro;0x3f800000;360000
30;PCUNode2Hydro;0x3f800000;360000
30;PCUNode2Hydro;0x3f800000;360000
30;PCUNode2Hydro;0x3f800000;360000
30;PCUNode2Hydro;0x3f800000;360000
30;PCUNode2Hydro;0x3f800000;360000
30;PCUNode2Hydro;0x3f800000;360000
30;PCUNode2Hydro;0x3f800000;360000
30;PCUNode2Hydro;0x3f800000;360000
30;PCUNode2Hydro;0x3f800000;360000
30;PCUNode2Hydro;0x3f800000;360000
30;PCUNode2Hydro;0x3f800000;360000
30;PCUNode2Hydro;0x3f800000;360000
30;PCUNode2Hydro;0x3f800000;360000
30;PCUNode2Hydro;0x3f800000;360000
30;PCUNode2Hydro;0x3f800000;360000
30;PCUNode2Hydro;0x3f800000;360000
30;PCUNode2Hydro;0x3f800000;360000
30;PCUNode2Hydro;0x3f800000;360000
30;PCUNode2Hydro;0x3f800000;360000
30;PCUNode2Hydro;0x3f800000;360000
30;PCUNode2Hydro;0x3f800000;360000
30;PCUNode2Hydro;0x3f800000;360000
30;PCUNode2Hydro;0x3f800000;360000
30;PCUNode2Hydro;0x3f800000;360000
30;PCUNode2Hydro;0x3f800000;360000
30;PCUNode2Hydro;0x3f800000;360000
30;PCUNode2Hydro;0x3f800000;360000
30;PCUNode2Hydro;0x3f800000;360000
30;PCUNode2Hydro;0x3f800000;360000
30;PCUNode2Hydro;0x3f800000;360000
30;PCUNode2Hydro;0x3f800000;360000
30;PCUNode2Hydro;0x3f800000;360000
30;PCUNode2Hydro;0x3f800000;360000
30;PCUNode2Hydro;0x3f800000;360000
30;PCUNode2Hydro;0x3f800000;360000
30;PCUNode2Hydro;0x3f800000;360000
30;PCUNode2Hydro;0x3f800000;360000
30;PCUNode2Hydro;0x3f800000;360000
30;PCUNode2Hydro;0x3f800000;360000
30;PCUNode2Hydro;0x3f800000;360000
30;PCUNode2Hydro;0x3f800000;360000
30;PCUNode2Hydro;0x3f800000;360000
30;PCUNode2Hydro;0x3f800000;360000
30;PCUNode2Hydro;0x3f800000;360000
30;PCUNode2Hydro;0x3f800000;360000
30;PCUNode2Hydro;0x3f800000;360000
30;PCUNode2Hydro;0x3f800000;360000
30;PCUNode2Hydro;0x3f800000;360000
30;PCUNode2Hydro;0x3f800000;360000
30;PCUNode2Hydro;0x3f800000;360000
30;PCUNode2Hydro;0x3f800000;360000
30;PCUNode2Hydro;0x3f800000;360000
30;PCUNode2Hydro;0x3f800000;360000
30;PCUNode2Hydro;0x3f800000;360000
30;PCUNode2Hydro;0x3f800000;360000
30;PCUNode2Hydro;0x3f800000;360000
30;PCUNode2Hydro;0x3f800000;360000
30;PCUNode2Hydro;0x3f800000;360000
30;PCUNode2Hydro;0x3f800000;360000
30;PCUNode2Hydro;0x3f800000;360000
30;PCUNode2Hydro;0x3f800000;360000
30;PCUNode2Hydro;0x3f800000;360000
30;PCUNode2Hydro;0x3f800000;360000
30;PCUNode2Hydro;0x3f800000;360000
30;PCUNode2Hydro;0x3f800000;360000
30;PCUNode2Hydro;0x3f800000;360000
30;PCUNode2Hydro;0x3f800000;360000
30;PCUNode2Hydro;0x3f800000;360000
30;PCUNode2Hydro;0x3f800000;360000
30;PCUNode2Hydro;0x3f800000;360000
30;PCUNode2Hydro;0x3f800000;360000
30;PCUNode2Hydro;0x3f800000;360000
30;PCUNode2Hydro;0x3f800000;360000
30;PCUNode2Hydro;0x3f800000;360000
30;PCUNode2Hydro;0x3f800000;360000
30;PCUNode2Hydro;0x3f800000;360000
30;PCUNode2Hydro;0x3f800000;360000
30;PCUNode2Hydro;0x3f800000;360000
30;PCUNode2Hydro;0x3f800000;360000
30;PCUNode2Hydro;0x3f800000;360000
30;PCUNode2Hydro;0x3f800000;360000
30;PCUNode2Hydro;0x3f800000;360000
30;PCUNode2Hydro;0x3f800000;360000
30;PCUNode2Hydro;0x3f800000;360000
30;PCUNode2Hydro;0x3f800000;360000
30;PCUNode2Hydro;0x3f800000;360000
30;PCUNode2Hydro;0x3f800000;360000
30;PCUNode2Hydro;0x3f800000;360000
30;PCUNode2Hydro;0x3f800000;360000
30;PCUNode2Hydro;0x3f800000;360000
30;PCUNode2Hydro;0x3f800000;360000
30;PCUNode2Hydro;0x3f800000;360000
30;PCUNode2Hydro;0x3f800000;360000
30;PCUNode2Hydro;0x3f800000;360000
30;PCUNode2Hydro;0x3f800000;360000
30;PCUNode2Hydro;0x3f800000;360000
30;PCUNode2Hydro;0x3f800000;360000
30;PCUNode2Hydro;0x3f800000;360000
30;PCUNode2Hydro;0x3f800000;360000
30;PCUNode2Hydro;0x3f800000;360000
30;PCUNode2Hydro;0x3f800000;360000
30;PCUNode2Hydro;0x3f800000;360000
30;PCUNode2Hydro;0x3f800000;360000
30;PCUNode2Hydro;0x3f800000;360000
30;PCUNode2Hydro;0x3f800000;360000
30;PCUNode2Hydro;0x3f800000;360000
30;PCUNode2Hydro;0x3f800000;360000
30;PCUNode2Hydro;0x3f800000;360000
30;PCUNode2Hydro;0x3f800000;360000
30;PCUNode2Hydro;0x3f800000;360000
30;PCUNode2Hydro;0x3f800000;360000
30;PCUNode2Hydro;0x3f800000;360000
30;PCUNode2Hydro;0x3f800000;360000
30;PCUNode2Hydro;0x3f800000;360000
30;PCUNode2Hydro;0x3f800000;360000
30;PCUNode2Hydro;0x3f800000;360000
30;PCUNode2Hydro;0x3f800000;360000
30;PCUNode2Hydro;0x3f800000;360000
30;PCUNode2Hydro;0x3f800000;360000
30;PCUNode2Hydro;0x3f800000;360000
30;PCUNode2Hydro;0x3f800000;360000
30;PCUNode2Hydro;0x3f800000;360000
30;PCUNode2Hydro;0x3f800000;360000
30;PCUNode2Hydro;0x3f800000;360000
30;PCUNode2Hydro;0x3f800000;360000
30;PCUNode2Hydro;0x3f800000;360000
30;PCUNode2Hydro;0x3f800000;360000
30;PCUNode2Hydro;0x3f800000;360000
30;PCUNode2Hydro;0x3f800000;360000
30;PCUNode2Hydro;0x3f800000;360000
30;PCUNode2Hydro;0x3f800000;360000
30;PCUNode2Hydro;0x3f800000;360000
30;PCUNode2Hydro;0x3f800000;360000
30;PCUNode2Hydro;0x3f800000;360000
30;PCUNode2Hydro;0x3f800000;360000
30;PCUNode2Hydro;0x3f800000;360000
30;PCUNode2Hydro;0x3f800000;360000
30;PCUNode2Hydro;0x3f800000;360000
30;PCUNode2Hydro;0x3f800000;360000
30;PCUNode2Hydro;0x3f800000;360000
30;PCUNode2Hydro;0x3f800000;360000
30;PCUNode2Hydro;0x3f800000;360000
30;PCUNode2Hydro;0x3f800000;360000
30;PCUNode2Hydro;0x3f800000;360000
30;PCUNode2Hydro;0x3f800000;360000
30;PCUNode2Hydro;0x3f800000;360000
30;PCUNode2Hydro;0x3f800000;360000
30;PCUNode2Hydro;0x3f800000;360000
30;PCUNode2Hydro;0x3f800000;360000
30;PCUNode2Hydro;0x3f800000;360000
30;PCUNode2Hydro;0x3f800000;360000
30;PCUNode2Hydro;0x3f800000;360000
30;PCUNode2Hydro;0x3f800000;360000
30;PCUNode2Hydro;0x3f800000;360000
30;PCUNode2Hydro;0x3f800000;360000
30;PCUNode2Hydro;0x3f800000;360000
30;PCUNode2Hydro;0x3f800000;360000
30;PCUNode2Hydro;0x3f800000;360000
30;PCUNode2Hydro;0x3f800000;360000
30;PCUNode2Hydro;0x3f800000;360000
30;PCUNode2Hydro;0x3f800000;360000
30;PCUNode2Hydro;0x3f800000;360000
30;PCUNode2Hydro;0x3f800000;360000
30;PCUNode2Hydro;0x3f800000;360000
30;PCUNode2Hydro;0x3f800000;360000
30;PCUNode2Hydro;0x3f800000;360000
30;PCUNode2Hydro;0x3f800000;360000
30;PCUNode2Hydro;0x3f800000;360000
30;PCUNode2Hydro;0x3f800000;360000
30;PCUNode2Hydro;0x3f800000;360000
30;PCUNode2Hydro;0x3f800000;360000
30;PCUNode2Hydro;0x3f800000;360000
30;PCUNode2Hydro;0x3f800000;360000
30;PCUNode2Hydro;0x3f800000;360000
30;PCUNode2Hydro;0x3f800000;360000
30;PCUNode2Hydro;0x3f800000;360000
30;PCUNode2Hydro;0x3f800000;360000
30;PCUNode2Hydro;0x3f800000;360000
30;PCUNode2Hydro;0x3f800000;360000
30;PCUNode2Hydro;0x3f800000;360000
30;PCUNode2Hydro;0x3f800000;360000
30;PCUNode2Hydro;0x3f800000;360000
30;PCUNode2Hydro;0x3f800000;360000
30;PCUNode2Hydro;0x3f800000;360000
30;PCUNode2Hydro;0x3f800000;360000
30;PCUNode2Hydro;0x3f800000;360000
30;PCUNode2Hydro;0x3f800000;360000
30;PCUNode2Hydro;0x3f800000;360000
30;PCUNode2Hydro;0x3f800000;360000
30;PCUNode2Hydro;0x3f800000;360000
30;PCUNode2Hydro;0x3f800000;360000
30;PCUNode2Hydro;0x3f800000;360000
30;PCUNode2Hydro;0x3f800000;360000
30;PCUNode2Hydro;0x3f800000;360000
30;PCUNode2Hydro;0x3f800000;360000
30;PCUNode2Hydro;0x3f800000;360000
30;PCUNode2Hydro;0x3f800000;360000
30;PCUNode2Hydro;0x3f800000;360000
30;PCUNode2Hydro;0x3f800000;360000
30;PCUNode2Hydro;0x3f800000;360000
30;PCUNode2Hydro;0x3f800000;360000
30;PCUNode2Hydro;0x3f800000;360000
30;PCUNode2Hydro;0x3f800000;360000
30;PCUNode2Hydro;0x3f800000;360000
30;PCUNode2Hydro;0x3f800000;360000
30;PCUNode2Hydro;0x3f800000;360000
30;PCUNode2Hydro;0x3f800000;360000
30;PCUNode2Hydro;0x3f800000;360000
30;PCUNode2Hydro;0x3f800000;360000
30;PCUNode2Hydro;0x3f800000;360000
30;PCUNode2Hydro;0x3f800000;360000
30;PCUNode2Hydro;0x3f800000;360000
30;PCUNode2Hydro;0x3f800000;360000
30;PCUNode2Hydro;0x3f800000;360000
30;PCUNode2Hydro;0x3f800000;360000
30;PCUNode2Hydro;0x3f800000;360000
30;PCUNode2Hydro;0x3f800000;360000
30;PCUNode2Hydro;0x3f800000;360000
30;PCUNode2Hydro;0x3f800000;360000
30;PCUNode2Hydro;0x3f800000;360000
30;PCUNode2Hydro;0x3f800000;360000
30;PCUNode2Hydro;0x3f800000;360000
30;PCUNode2Hydro;0x3f800000;360000
30;PCUNode2Hydro;0x3f800000;360000
30;PCUNode2Hydro;0x3f800000;360000
30;PCUNode2Hydro;0x3f800000;360000
30;PCUNode2Hydro;0x3f800000;360000
30;PCUNode2Hydro;0x3f800000;360000
30;PCUNode2Hydro;0x3f800000;360000
30;PCUNode2Hydro;0x3f800000;360000
30;PCUNode2Hydro;0x3f800000;360000
30;PCUNode2Hydro;0x3f800000;360000
30;PCUNode2Hydro;0x3f800000;360000
30;PCUNode2Hydro;0x3f800000;360000
30;PCUNode2Hydro;0x3f800000;360000
30;PCUNode2Hydro;0x3f800000;360000
30;PCUNode2Hydro;0x3f800000;360000
30;PCUNode2Hydro;0x3f800000;360000
30;PCUNode2Hydro;0x3f800000;360000
30;PCUNode2Hydro;0x3f800000;360000
30;PCUNode2Hydro;0x3f800000;360000
30;PCUNode2Hydro;0x3f800000;360000
30;PCUNode2Hydro;0x3f800000;360000
30;PCUNode2Hydro;0x3f800000;360000
30;PCUNode2Hydro;0x3f800000;360000
30;PCUNode2Hydro;0x3f800000;360000
30;PCUNode2Hydro;0x3f800000;360000
30;PCUNode2Hydro;0x3f800000;360000
30;PCUNode2Hydro;0x3f800000;360000
30;PCUNode2Hydro;0x3f800000;360000
30;PCUNode2Hydro;0x3f800000;360000
30;PCUNode2Hydro;0x3f800000;360000
30;PCUNode2Hydro;0x3f800000;360000
30;PCUNode2Hydro;0x3f800000;360000
30;PCUNode2Hydro;0x3f800000;360000
30;PCUNode2Hydro;0x3f800000;360000
30;PCUNode2Hydro;0x3f800000;360000
30;PCUNode2Hydro;0x3f800000;360000
30;PCUNode2Hydro;0x3f800000;360000
30;PCUNode2Hydro;0x3f800000;360000
30;PCUNode2Hydro;0x3f800000;360000
30;PCUNode2Hydro;0x3f800000;360000
30;PCUNode2Hydro;0x3f800000;360000
30;PCUNode2Hydro;0x3f800000;360000
30;PCUNode2Hydro;0x3f800000;360000
30;PCUNode2Hydro;0x3f800000;360000
30;PCUNode2Hydro;0x3f800000;360000
30;PCUNode2Hydro;0x3f800000;360000
30;PCUNode2Hydro;0x3f800000;360000
30;PCUNode2Hydro;0x3f800000;360000
30;PCUNode2Hydro;0x3f800000;360000
30;PCUNode2Hydro;0x3f800000;360000
30;PCUNode2Hydro;0x3f800000;360000
30;PCUNode2Hydro;0x3f800000;360000
30;PCUNode2Hydro;0x3f800000;360000
30;PCUNode2Hydro;0x3f800000;360000
30;PCUNode2Hydro;0x3f800000;360000
30;PCUNode2Hydro;0x3f800000;360000
30;PCUNode2Hydro;0x3f800000;360000
30;PCUNode2Hydro;0x3f800000;360000
30;PCUNode2Hydro;0x3f800000;360000
30;PCUNode2Hydro;0x3f800000;360000
30;PCUNode2Hydro;0x3f800000;360000
30;PCUNode2Hydro;0x3f800000;360000
30;PCUNode2Hydro;0x3f800000;360000
30;PCUNode2Hydro;0x3f800000;360000
30;PCUNode2Hydro;0x3f800000;360000
30;PCUNode2Hydro;0x3f800000;360000
30;PCUNode2Hydro;0x3f800000;360000
30;PCUNode2Hydro;0x3f800000;360000
30;PCUNode2Hydro;0x3f800000;360000
30;PCUNode2Hydro;0x3f800000;360000
30;PCUNode2Hydro;0x3f800000;360000
30;PCUNode2Hydro;0x3f800000;360000
30;PCUNode2Hydro;0x3f800000;360000
30;PCUNode2Hydro;0x3f800000;360000
30;PCUNode2Hydro;0x3f800000;360000
30;PCUNode2Hydro;0x3f800000;360000
30;PCUNode2Hydro;0x3f800000;360000
30;PCUNode2Hydro;0x3f800000;360000
30;PCUNode2Hydro;0x3f800000;360000
30;PCUNode2Hydro;0x3f800000;360000
30;PCUNode2Hydro;0x3f800000;360000
30;PCUNode2Hydro;0x3f800000;360000
30;PCUNode2Hydro;0x3f800000;360000
30;PCUNode2Hydro;0x3f800000;360000
30;PCUNode2Hydro;0x3f800000;360000
30;PCUNode2Hydro;0x3f800000;360000
30;PCUNode2Hydro;0x3f800000;360000
30;PCUNode2Hydro;0x3f800000;360000
30;PCUNode2Hydro;0x3f800000;360000
30;PCUNode2Hydro;0x3f800000;360000
30;PCUNode2Hydro;0x3f800000;360000
30;PCUNode2Hydro;0x3f800000;360000
30;PCUNode2Hydro;0x3f800000;360000
30;PCUNode2Hydro;0x3f800000;360000
30;PCUNode2Hydro;0x3f800000;360000
30;PCUNode2Hydro;0x3f800000;360000
30;PCUNode2Hydro;0x3f800000;360000
30;PCUNode2Hydro;0x3f800000;360000
30;PCUNode2Hydro;0x3f800000;360000
30;PCUNode2Hydro;0x3f800000;360000
30;PCUNode2Hydro;0x3f800000;360000
30;PCUNode2Hydro;0x3f800000;360000
30;PCUNode2Hydro;0x3f800000;360000
30;PCUNode2Hydro;0x3f800000;360000
30;PCUNode2Hydro;0x3f800000;360000
30;PCUNode2Hydro;0x3f800000;360000
30;PCUNode2Hydro;0x3f800000;360000
30;PCUNode2Hydro;0x3f800000;360000
30;PCUNode2Hydro;0x3f800000;360000
30;PCUNode2Hydro;0x3f800000;360000
30;PCUNode2Hydro;0x3f800000;360000
30;PCUNode2Hydro;0x3f800000;360000
30;PCUNode2Hydro;0x3f800000;360000
30;PCUNode2Hydro;0x3f800000;360000
30;PCUNode2Hydro;0x3f800000;360000
30;PCUNode2Hydro;0x3f800000;360000
30;PCUNode2Hydro;0x3f800000;360000
30;PCUNode2Hydro;0x3f800000;360000
30;PCUNode2Hydro;0x3f800000;360000
30;PCUNode2Hydro;0x3f800000;360000
30;PCUNode2Hydro;0x3f800000;360000
30;PCUNode2Hydro;0x3f800000;360000
30;PCUNode2Hydro;0x3f800000;360000
30;PCUNode2Hydro;0x3f800000;360000
30;PCUNode2Hydro;0x3f800000;360000
30;PCUNode2Hydro;0x3f800000;360000
30;PCUNode2Hydro;0x3f800000;360000
30;PCUNode2Hydro;0x3f800000;360000
30;PCUNode2Hydro;0x3f800000;360000
30;PCUNode2Hydro;0x3f800000;360000
30;PCUNode2Hydro;0x3f800000;360000
30;PCUNode2Hydro;0x3f800000;360000
30;PCUNode2Hydro;0x3f800000;360000
30;PCUNode2Hydro;0x3f800000;360000
30;PCUNode2Hydro;0x3f800000;360000
30;PCUNode2Hydro;0x3f800000;360000
30;PCUNode2Hydro;0x3f800000;360000
30;PCUNode2Hydro;0x3f800000;360000
30;PCUNode2Hydro;0x3f800000;360000
30;PCUNode2Hydro;0x3f800000;360000
30;PCUNode2Hydro;0x3f800000;360000
30;PCUNode2Hydro;0x3f800000;360000
30;PCUNode2Hydro;0x3f800000;360000
30;PCUNode2Hydro;0x3f800000;360000
30;PCUNode2Hydro;0x3f800000;360000
30;PCUNode2Hydro;0x3f800000;360000
30;PCUNode2Hydro;0x3f800000;360000
30;PCUNode2Hydro;0x3f800000;360000
30;PCUNode2Hydro;0x3f800000;360000
30;PCUNode2Hydro;0x3f800000;360000
30;PCUNode2Hydro;0x3f800000;360000
30;PCUNode2Hydro;0x3f800000;360000
30;PCUNode2Hydro;0x3f800000;360000
30;PCUNode2Hydro;0x3f800000;360000
30;PCUNode2Hydro;0x3f800000;360000
30;PCUNode2Hydro;0x3f800000;360000
30;PCUNode2Hydro;0x3f800000;360000
30;PCUNode2Hydro;0x3f800000;360000
30;PCUNode2Hydro;0x3f800000;360000
30;PCUNode2Hydro;0x3f800000;360000
30;PCUNode2Hydro;0x3f800000;360000
30;PCUNode2Hydro;0x3f800000;360000
30;PCUNode2Hydro;0x3f800000;360000
30;PCUNode2Hydro;0x3f800000;360000
30;PCUNode2Hydro;0x3f800000;360000
30;PCUNode2Hydro;0x3f800000;360000
30;PCUNode2Hydro;0x3f800000;360000
30;PCUNode2Hydro;0x3f800000;360000
30;PCUNode2Hydro;0x3f800000;360000
30;PCUNode2Hydro;0x3f800000;360000
30;PCUNode2Hydro;0x3f800000;360000
30;PCUNode2Hydro;0x3f800000;360000
30;PCUNode2Hydro;0x3f800000;360000
30;PCUNode2Hydro;0x3f800000;360000
30;PCUNode2Hydro;0x3f800000;360000
30;PCUNode2Hydro;0x3f800000;360000
30;PCUNode2Hydro;0x3f800000;360000
30;PCUNode2Hydro;0x3f800000;360000
30;PCUNode2Hydro;0x3f800000;360000
30;PCUNode2Hydro;0x3f800000;360000
30;PCUNode2Hydro;0x3f800000;360000
30;PCUNode2Hydro;0x3f800000;360000
30;PCUNode2Hydro;0x3f800000;360000
30;PCUNode2Hydro;0x3f800000;360000
30;PCUNode2Hydro;0x3f800000;360000
30;PCUNode2Hydro;0x3f800000;360000
30;PCUNode2Hydro;0x3f800000;360000
30;PCUNode2Hydro;0x3f800000;360000
30;PCUNode2Hydro;0x3f800000;360000
30;PCUNode2Hydro;0x3f800000;360000
30;PCUNode2Hydro;0x3f800000;360000
30;PCUNode2Hydro;0x3f800000;360000
30;PCUNode2Hydro;0x3f800000;360000
30;PCUNode2Hydro;0x3f800000;360000
30;PCUNode2Hydro;0x3f800000;360000
30;PCUNode2Hydro;0x3f800000;360000
30;PCUNode2Hydro;0x3f800000;360000
30;PCUNode2Hydro;0x3f800000;360000
30;PCUNode2Hydro;0x3f800000;360000
30;PCUNode2Hydro;0x3f800000;360000
30;PCUNode2Hydro;0x3f800000;360000
30;PCUNode2Hydro;0x3f800000;360000
30;PCUNode2Hydro;0x3f800000;360000
30;PCUNode2Hydro;0x3f800000;360000
30;PCUNode2Hydro;0x3f800000;360000
30;PCUNode2Hydro;0x3f800000;360000
30;PCUNode2Hydro;0x3f800000;360000
30;PCUNode2Hydro;0x3f800000;360000
30;PCUNode2Hydro;0x3f800000;360000
30;PCUNode2Hydro;0x3f800000;360000
30;PCUNode2Hydro;0x3f800000;360000
30;PCUNode2Hydro;0x3f800000;360000
30;PCUNode2Hydro;0x3f800000;360000
30;PCUNode2Hydro;0x3f800000;360000
30;PCUNode2Hydro;0x3f800000;360000
30;PCUNode2Hydro;0x3f800000;360000
30;PCUNode2Hydro;0x3f800000;360000
30;PCUNode2Hydro;0x3f800000;360000
30;PCUNode2Hydro;0x3f800000;360000
30;PCUNode2Hydro;0x3f800000;360000
30;PCUNode2Hydro;0x3f800000;360000
30;PCUNode2Hydro;0x3f800000;360000
30;PCUNode2Hydro;0x3f800000;360000
30;PCUNode2Hydro;0x3f800000;360000
30;PCUNode2Hydro;0x3f800000;360000
30;PCUNode2Hydro;0x3f800000;360000
30;PCUNode2Hydro;0x3f800000;360000
30;PCUNode2Hydro;0x3f800000;360000
30;PCUNode2Hydro;0x3f800000;360000
30;PCUNode2Hydro;0x3f800000;360000
30;PCUNode2Hydro;0x3f800000;360000
30;PCUNode2Hydro;0x3f800000;360000
30;PCUNode2Hydro;0x3f800000;360000
30;PCUNode2Hydro;0x3f800000;360000
30;PCUNode2Hydro;0x3f800000;360000
30;PCUNode2Hydro;0x3f800000;360000
30;PCUNode2Hydro;0x3f800000;360000
30;PCUNode2Hydro;0x3f800000;360000
30;PCUNode2Hydro;0x3f800000;360000
30;PCUNode2Hydro;0x3f800000;360000
30;PCUNode2Hydro;0x3f800000;360000
30;PCUNode2Hydro;0x3f800000;360000
30;PCUNode2Hydro;0x3f800000;360000
30;PCUNode2Hydro;0x3f800000;360000
30;PCUNode2Hydro;0x3f800000;360000
30;PCUNode2Hydro;0x3f800000;360000
30;PCUNode2Hydro;0x3f800000;360000
30;PCUNode2Hydro;0x3f800000;360000
30;PCUNode2Hydro;0x3f800000;360000
30;PCUNode2Hydro;0x3f800000;360000
30;PCUNode2Hydro;0x3f800000;360000
30;PCUNode2Hydro;0x3f800000;360000
30;PCUNode2Hydro;0x3f800000;360000
30;PCUNode2Hydro;0x3f800000;360000
30;PCUNode2Hydro;0x3f800000;360000
30;PCUNode2Hydro;0x3f800000;360000
30;PCUNode2Hydro;0x3f800000;360000
30;PCUNode2Hydro;0x3f800000;360000
30;PCUNode2Hydro;0x3f800000;360000
30;PCUNode2Hydro;0x3f800000;360000
30;PCUNode2Hydro;0x3f800000;360000
30;PCUNode2Hydro;0x3f800000;360000
30;PCUNode2Hydro;0x3f800000;360000
30;PCUNode2Hydro;0x3f800000;360000
30;PCUNode2Hydro;0x3f800000;360000
30;PCUNode2Hydro;0x3f800000;360000
30;PCUNode2Hydro;0x3f800000;360000
30;PCUNode2Hydro;0x3f800000;360000
30;PCUNode2Hydro;0x3f800000;360000
30;PCUNode2Hydro;0x3f800000;360000
30;PCUNode2Hydro;0x3f800000;360000
30;PCUNode2Hydro;0x3f800000;360000
30;PCUNode2Hydro;0x3f800000;360000
30;PCUNode2Hydro;0x3f800000;360000
30;PCUNode2Hydro;0x3f800000;360000
30;PCUNode2Hydro;0x3f800000;360000
30;PCUNode2Hydro;0x3f800000;360000
30;PCUNode2Hydro;0x3f800000;360000
30;PCUNode2Hydro;0x3f800000;360000
30;PCUNode2Hydro;0x3f800000;360000
30;PCUNode2Hydro;0x3f800000;360000
30;PCUNode2Hydro;0x3f800000;360000
30;PCUNode2Hydro;0x3f800000;360000
30;PCUNode2Hydro;0x3f800000;360000
30;PCUNode2Hydro;0x3f800000;360000
30;PCUNode2Hydro;0x3f800000;360000
30;PCUNode2Hydro;0x3f800000;360000
30;PCUNode2Hydro;0x3f800000;360000
30;PCUNode2Hydro;0x3f800000;360000
30;PCUNode2Hydro;0x3f800000;360000
30;PCUNode2Hydro;0x3f800000;360000
30;PCUNode2Hydro;0x3f800000;360000
30;PCUNode2Hydro;0x3f800000;360000
30;PCUNode2Hydro;0x3f800000;360000
30;PCUNode2Hydro;0x3f800000;360000
30;PCUNode2Hydro;0x3f800000;360000
30;PCUNode2Hydro;0x3f800000;360000
30;PCUNode2Hydro;0x3f800000;360000
30;PCUNode2Hydro;0x3f800000;360000
30;PCUNode2Hydro;0x3f800000;360000
30;PCUNode2Hydro;0x3f800000;360000
30;PCUNode2Hydro;0x3f800000;360000
30;PCUNode2Hydro;0x3f800000;360000
30;PCUNode2Hydro;0x3f800000;360000
30;PCUNode2Hydro;0x3f800000;360000
30;PCUNode2Hydro;0x3f800000;360000
30;PCUNode2Hydro;0x3f800000;360000
30;PCUNode2Hydro;0x3f800000;360000
30;PCUNode2Hydro;0x3f800000;360000
30;PCUNode2Hydro;0x3f800000;360000
30;PCUNode2Hydro;0x3f800000;360000
30;PCUNode2Hydro;0x3f800000;360000
30;PCUNode2Hydro;0x3f800000;360000
30;PCUNode2Hydro;0x3f800000;360000
30;PCUNode2Hydro;0x3f800000;360000
30;PCUNode2Hydro;0x3f800000;360000
30;PCUNode2Hydro;0x3f800000;360000
30;PCUNode2Hydro;0x3f800000;360000
30;PCUNode2Hydro;0x3f800000;360000
30;PCUNode2Hydro;0x3f800000;360000
30;PCUNode2Hydro;0x3f800000;360000
30;PCUNode2Hydro;0x3f800000;360000
30;PCUNode2Hydro;0x3f800000;360000
30;PCUNode2Hydro;0x3f800000;360000
30;PCUNode2Hydro;0x3f800000;360000
30;PCUNode2Hydro;0x3f800000;360000
30;PCUNode2Hydro;0x3f800000;360000
30;PCUNode2Hydro;0x3f800000;360000
30;PCUNode2Hydro;0x3f800000;360000
30;PCUNode2Hydro;0x3f800000;360000
30;PCUNode2Hydro;0x3f800000;360000
30;PCUNode2Hydro;0x3f800000;360000
30;PCUNode2Hydro;0x3f800000;360000
30;PCUNode2Hydro;0x3f800000;360000
30;PCUNode2Hydro;0x3f800000;360000
30;PCUNode2Hydro;0x3f800000;360000
30;PCUNode2Hydro;0x3f800000;360000
30;PCUNode2Hydro;0x3f800000;360000
30;PCUNode2Hydro;0x3f800000;360000
30;PCUNode2Hydro;0x3f800000;360000
30;PCUNode2Hydro;0x3f800000;360000
30;PCUNode2Hydro;0x3f800000;360000
30;PCUNode2Hydro;0x3f800000;360000
30;PCUNode2Hydro;0x3f800000;360000
30;PCUNode2Hydro;0x3f800000;360000
30;PCUNode2Hydro;0x3f800000;360000
30;PCUNode2Hydro;0x3f800000;360000
30;PCUNode2Hydro;0x3f800000;360000
30;PCUNode2Hydro;0x3f800000;360000
30;PCUNode2Hydro;0x3f800000;360000
30;PCUNode2Hydro;0x3f800000;360000
30;PCUNode2Hydro;0x3f800000;360000
30;PCUNode2Hydro;0x3f800000;360000
30;PCUNode2Hydro;0x3f800000;360000
30;PCUNode2Hydro;0x3f800000;360000
30;PCUNode2Hydro;0x3f800000;360000
30;PCUNode2Hydro;0x3f800000;360000
30;PCUNode2Hydro;0x3f800000;360000
30;PCUNode2Hydro;0x3f800000;360000
30;PCUNode2Hydro;0x3f800000;360000
30;PCUNode2Hydro;0x3f800000;360000
30;PCUNode2Hydro;0x3f800000;360000
30;PCUNode2Hydro;0x3f800000;360000
30;PCUNode2Hydro;0x3f800000;360000
30;PCUNode2Hydro;0x3f800000;360000
30;PCUNode2Hydro;0x3f800000;360000
30;PCUNode2Hydro;0x3f800000;360000
30;PCUNode2Hydro;0x3f800000;360000
30;PCUNode2Hydro;0x3f800000;360000
30;PCUNode2Hydro;0x3f800000;360000
30;PCUNode2Hydro;0x3f800000;360000
30;PCUNode2Hydro;0x3f800000;360000
30;PCUNode2Hydro;0x3f800000;360000
30;PCUNode2Hydro;0x3f800000;360000
30;PCUNode2Hydro;0x3f800000;360000
30;PCUNode2Hydro;0x3f800000;360000
30;PCUNode2Hydro;0x3f800000;360000
30;PCUNode2Hydro;0x3f800000;360000
30;PCUNode2Hydro;0x3f800000;360000
30;PCUNode2Hydro;0x3f800000;360000
30;PCUNode2Hydro;0x3f800000;360000
30;PCUNode2Hydro;0x3f800000;360000
30;PCUNode2Hydro;0x3f800000;360000
30;PCUNode2Hydro;0x3f800000;360000
30;PCUNode2Hydro;0x3f800000;360000
30;PCUNode2Hydro;0x3f800000;360000
30;PCUNode2Hydro;0x3f800000;360000
30;PCUNode2Hydro;0x3f800000;360000
30;PCUNode2Hydro;0x3f800000;360000
30;PCUNode2Hydro;0x3f800000;360000
30;PCUNode2Hydro;0x3f800000;360000
30;PCUNode2Hydro;0x3f800000;360000
30;PCUNode2Hydro;0x3f800000;360000
30;PCUNode2Hydro;0x3f800000;360000
30;PCUNode2Hydro;0x3f800000;360000
30;PCUNode2Hydro;0x3f800000;360000
30;PCUNode2Hydro;0x3f800000;360000
30;PCUNode2Hydro;0x3f800000;360000
30;PCUNode2Hydro;0x3f800000;360000
30;PCUNode2Hydro;0x3f800000;360000
30;PCUNode2Hydro;0x3f800000;360000
30;PCUNode2Hydro;0x3f800000;360000
30;PCUNode2Hydro;0x3f800000;360000
30;PCUNode2Hydro;0x3f800000;360000
30;PCUNode2Hydro;0x3f800000;360000
30;PCUNode2Hydro;0x3f800000;360000
30;PCUNode2Hydro;0x3f800000;360000
30;PCUNode2Hydro;0x3f800000;360000
30;PCUNode2Hydro;0x3f800000;360000
30;PCUNode2Hydro;0x3f800000;360000
30;PCUNode2Hydro;0x3f800000;360000
30;PCUNode2Hydro;0x3f800000;360000
30;PCUNode2Hydro;0x3f800000;360000
30;PCUNode2Hydro;0x3f800000;360000
30;PCUNode2Hydro;0x3f800000;360000
30;PCUNode2Hydro;0x3f800000;360000
30;PCUNode2Hydro;0x3f800000;360000
30;PCUNode2Hydro;0x3f800000;360000
30;PCUNode2Hydro;0x3f800000;360000
30;PCUNode2Hydro;0x3f800000;360000
30;PCUNode2Hydro;0x3f800000;360000
30;PCUNode2Hydro;0x3f800000;360000
30;PCUNode2Hydro;0x3f800000;360000
30;PCUNode2Hydro;0x3f800000;360000
30;PCUNode2Hydro;0x3f800000;360000
30;PCUNode2Hydro;0x3f800000;360000
30;PCUNode2Hydro;0x3f800000;360000
30;PCUNode2Hydro;0x3f800000;360000
30;PCUNode2Hydro;0x3f800000;360000
30;PCUNode2Hydro;0x3f800000;360000
30;PCUNode2Hydro;0x3f800000;360000
30;PCUNode2Hydro;0x3f800000;360000
30;PCUNode2Hydro;0x3f800000;360000
30;PCUNode2Hydro;0x3f800000;360000
30;PCUNode2Hydro;0x3f800000;360000
30;PCUNode2Hydro;0x3f800000;360000
30;PCUNode2Hydro;0x3f800000;360000
30;PCUNode2Hydro;0x3f800000;360000
30;PCUNode2Hydro;0x3f800000;360000
30;PCUNode2Hydro;0x3f800000;360000
30;PCUNode2Hydro;0x3f800000;360000
30;PCUNode2Hydro;0x3f800000;360000
30;PCUNode2Hydro;0x3f800000;360000
30;PCUNode2Hydro;0x3f800000;360000
30;PCUNode2Hydro;0x3f800000;360000
30;PCUNode2Hydro;0x3f800000;360000
30;PCUNode2Hydro;0x3f800000;360000
30;PCUNode2Hydro;0x3f800000;360000
30;PCUNode2Hydro;0x3f800000;360000
30;PCUNode2Hydro;0x3f800000;360000
30;PCUNode2Hydro;0x3f800000;360000
30;PCUNode2Hydro;0x3f800000;360000
30;PCUNode2Hydro;0x3f800000;360000
30;PCUNode2Hydro;0x3f800000;360000
30;PCUNode2Hydro;0x3f800000;360000
30;PCUNode2Hydro;0x3f800000;360000
30;PCUNode2Hydro;0x3f800000;360000
30;PCUNode2Hydro;0x3f800000;360000
30;PCUNode2Hydro;0x3f800000;360000
30;PCUNode2Hydro;0x3f800000;360000
30;PCUNode2Hydro;0x3f800000;360000
30;PCUNode2Hydro;0x3f800000;360000
30;PCUNode2Hydro;0x3f800000;360000
30;PCUNode2Hydro;0x3f800000;360000
30;PCUNode2Hydro;0x3f800000;360000
30;PCUNode2Hydro;0x3f800000;360000
30;PCUNode2Hydro;0x3f800000;360000
30;PCUNode2Hydro;0x3f800000;360000
30;PCUNode2Hydro;0x3f800000;360000
30;PCUNode2Hydro;0x3f800000;360000
30;PCUNode2Hydro;0x3f800000;360000
30;PCUNode2Hydro;0x3f800000;360000
30;PCUNode2Hydro;0x3f800000;360000
30;PCUNode2Hydro;0x3f800000;360000
30;PCUNode2Hydro;0x3f800000;360000
30;PCUNode2Hydro;0x3f800000;360000
30;PCUNode2Hydro;0x3f800000;360000
30;PCUNode2Hydro;0x3f800000;360000
30;PCUNode2Hydro;0x3f800000;360000
30;PCUNode2Hydro;0x3f800000;360000
30;PCUNode2Hydro;0x3f800000;360000
30;PCUNode2Hydro;0x3f800000;360000
30;PCUNode2Hydro;0x3f800000;360000
30;PCUNode2Hydro;0x3f800000;360000
30;PCUNode2Hydro;0x3f800000;360000
30;PCUNode2Hydro;0x3f800000;360000
30;PCUNode2Hydro;0x3f800000;360000
30;PCUNode2Hydro;0x3f800000;360000
30;PCUNode2Hydro;0x3f800000;360000
30;PCUNode2Hydro;0x3f800000;360000
30;PCUNode2Hydro;0x3f800000;360000
30;PCUNode2Hydro;0x3f800000;360000
30;PCUNode2Hydro;0x3f800000;360000
30;PCUNode2Hydro;0x3f800000;360000
30;PCUNode2Hydro;0x3f800000;360000
30;PCUNode2Hydro;0x3f800000;360000
30;PCUNode2Hydro;0x3f800000;360000
30;PCUNode2Hydro;0x3f800000;360000
30;PCUNode2Hydro;0x3f800000;360000
30;PCUNode2Hydro;0x3f800000;360000
30;PCUNode2Hydro;0x3f800000;360000
30;PCUNode2Hydro;0x3f800000;360000
30;PCUNode2Hydro;0x3f800000;360000
30;PCUNode2Hydro;0x3f800000;360000
30;PCUNode2Hydro;0x3f800000;360000
30;PCUNode2Hydro;0x3f800000;360000
30;PCUNode2Hydro;0x3f800000;360000
30;PCUNode2Hydro;0x3f800000;360000
30;PCUNode2Hydro;0x3f800000;360000
30;PCUNode2Hydro;0x3f800000;360000
30;PCUNode2Hydro;0x3f800000;360000
30;PCUNode2Hydro;0x3f800000;360000
30;PCUNode2Hydro;0x3f800000;360000
30;PCUNode2Hydro;0x3f800000;360000
30;PCUNode2Hydro;0x3f800000;360000
30;PCUNode2Hydro;0x3f800000;360000
30;PCUNode2Hydro;0x3f800000;360000
30;PCUNode2Hydro;0x3f800000;360000
30;PCUNode2Hydro;0x3f800000;360000
30;PCUNode2Hydro;0x3f800000;360000
30;PCUNode2Hydro;0x3f800000;360000
30;PCUNode2Hydro;0x3f800000;360000
30;PCUNode2Hydro;0x3f800000;360000
30;PCUNode2Hydro;0x3f800000;360000
30;PCUNode2Hydro;0x3f800000;360000
30;PCUNode2Hydro;0x3f800000;360000
30;PCUNode2Hydro;0x3f800000;360000
30;PCUNode2Hydro;0x3f800000;360000
30;PCUNode2Hydro;0x3f800000;360000
30;PCUNode2Hydro;0x3f800000;360000
30;PCUNode2Hydro;0x3f800000;360000
30;PCUNode2Hydro;0x3f800000;360000
30;PCUNode2Hydro;0x3f800000;360000
30;PCUNode2Hydro;0x3f800000;360000
30;PCUNode2Hydro;0x3f800000;360000
30;PCUNode2Hydro;0x3f800000;360000
30;PCUNode2Hydro;0x3f800000;360000
30;PCUNode2Hydro;0x3f800000;360000
30;PCUNode2Hydro;0x3f800000;360000
30;PCUNode2Hydro;0x3f800000;360000
30;PCUNode2Hydro;0x3f800000;360000
30;PCUNode2Hydro;0x3f800000;360000
30;PCUNode2Hydro;0x3f800000;360000
30;PCUNode2Hydro;0x3f800000;360000
30;PCUNode2Hydro;0x3f800000;360000
30;PCUNode2Hydro;0x3f800000;360000
30;PCUNode2Hydro;0x3f800000;360000
30;PCUNode2Hydro;0x3f800000;360000
30;PCUNode2Hydro;0x3f800000;360000
30;PCUNode2Hydro;0x3f800000;360000
30;PCUNode2Hydro;0x3f800000;360000
30;PCUNode2Hydro;0x3f800000;360000
30;PCUNode2Hydro;0x3f800000;360000
30;PCUNode2Hydro;0x3f800000;360000
30;PCUNode2Hydro;0x3f800000;360000
30;PCUNode2Hydro;0x3f800000;360000
30;PCUNode2Hydro;0x3f800000;360000
30;PCUNode2Hydro;0x3f800000;360000
30;PCUNode2Hydro;0x3f800000;360000
30;PCUNode2Hydro;0x3f800000;360000
30;PCUNode2Hydro;0x3f800000;360000
30;PCUNode2Hydro;0x3f800000;360000
30;PCUNode2Hydro;0x3f800000;360000
30;PCUNode2Hydro;0x3f800000;360000
30;PCUNode2Hydro;0x3f800000;360000
30;PCUNode2Hydro;0x3f800000;360000
30;PCUNode2Hydro;0x3f800000;360000
30;PCUNode2Hydro;0x3f800000;360000
30;PCUNode2Hydro;0x3f800000;360000
30;PCUNode2Hydro;0x3f800000;360000
30;PCUNode2Hydro;0x3f800000;360000
30;PCUNode2Hydro;0x3f800000;360000
30;PCUNode2Hydro;0x3f800000;360000
30;PCUNode2Hydro;0x3f800000;360000
30;PCUNode2Hydro;0x3f800000;360000
30;PCUNode2Hydro;0x3f800000;360000
30;PCUNode2Hydro;0x3f800000;360000
30;PCUNode2Hydro;0x3f800000;360000
30;PCUNode2Hydro;0x3f800000;360000
30;PCUNode2Hydro;0x3f800000;360000
30;PCUNode2Hydro;0x3f800000;360000
30;PCUNode2Hydro;0x3f800000;360000
30;PCUNode2Hydro;0x3f800000;360000
30;PCUNode2Hydro;0x3f800000;360000
30;PCUNode2Hydro;0x3f800000;360000
30;PCUNode2Hydro;0x3f800000;360000
30;PCUNode2Hydro;0x3f800000;360000
30;PCUNode2Hydro;0x3f800000;360000
30;PCUNode2Hydro;0x3f800000;360000
30;PCUNode2Hydro;0x3f800000;360000
30;PCUNode2Hydro;0x3f800000;360000
30;PCUNode2Hydro;0x3f800000;360000
30;PCUNode2Hydro;0x3f800000;360000
30;PCUNode2Hydro;0x3f800000;360000
30;PCUNode2Hydro;0x3f800000;360000
30;PCUNode2Hydro;0x3f800000;360000
30;PCUNode2Hydro;0x3f800000;360000
30;PCUNode2Hydro;0x3f800000;360000
30;PCUNode2Hydro;0x3f800000;360000
30;PCUNode2Hydro;0x3f800000;360000
30;PCUNode2Hydro;0x3f800000;360000
30;PCUNode2Hydro;0x3f800000;360000
30;PCUNode2Hydro;0x3f800000;360000
30;PCUNode2Hydro;0x3f800000;360000
30;PCUNode2Hydro;0x3f800000;360000
30;PCUNode2Hydro;0x3f800000;360000
30;PCUNode2Hydro;0x3f800000;360000
30;PCUNode2Hydro;0x3f800000;360000
30;PCUNode2Hydro;0x3f800000;360000
30;PCUNode2Hydro;0x3f800000;360000
30;PCUNode2Hydro;0x3f800000;360000
30;PCUNode2Hydro;0x3f800000;360000
30;PCUNode2Hydro;0x3f800000;360000
30;PCUNode2Hydro;0x3f800000;360000
30;PCUNode2Hydro;0x3f800000;360000
30;PCUNode2Hydro;0x3f800000;360000
30;PCUNode2Hydro;0x3f800000;360000
30;PCUNode2Hydro;0x3f800000;360000
30;PCUNode2Hydro;0x3f800000;360000
30;PCUNode2Hydro;0x3f800000;360000
30;PCUNode2Hydro;0x3f800000;360000
30;PCUNode2Hydro;0x3f800000;360000
30;PCUNode2Hydro;0x3f800000;360000
30;PCUNode2Hydro;0x3f800000;360000
30;PCUNode2Hydro;0x3f800000;360000
30;PCUNode2Hydro;0x3f800000;360000
30;PCUNode2Hydro;0x3f800000;360000
30;PCUNode2Hydro;0x3f800000;360000
30;PCUNode2Hydro;0x3f800000;360000
30;PCUNode2Hydro;0x3f800000;360000
30;PCUNode2Hydro;0x3f800000;360000
30;PCUNode2Hydro;0x3f800000;360000
30;PCUNode2Hydro;0x3f800000;360000
30;PCUNode2Hydro;0x3f800000;360000
30;PCUNode2Hydro;0x3f800000;360000
30;PCUNode2Hydro;0x3f800000;360000
30;PCUNode2Hydro;0x3f800000;360000
30;PCUNode2Hydro;0x3f800000;360000
30;PCUNode2Hydro;0x3f800000;360000
30;PCUNode2Hydro;0x3f800000;360000
30;PCUNode2Hydro;0x3f800000;360000
30;PCUNode2Hydro;0x3f800000;360000
30;PCUNode2Hydro;0x3f800000;360000
30;PCUNode2Hydro;0x3f800000;360000
30;PCUNode2Hydro;0x3f800000;360000
30;PCUNode2Hydro;0x3f800000;360000
30;PCUNode2Hydro;0x3f800000;360000
30;PCUNode2Hydro;0x3f800000;360000
30;PCUNode2Hydro;0x3f800000;360000
30;PCUNode2Hydro;0x3f800000;360000
30;PCUNode2Hydro;0x3f800000;360000
30;PCUNode2Hydro;0x3f800000;360000
30;PCUNode2Hydro;0x3f800000;360000
30;PCUNode2Hydro;0x3f800000;360000
30;PCUNode2Hydro;0x3f800000;360000
30;PCUNode2Hydro;0x3f800000;360000
30;PCUNode2Hydro;0x3f800000;360000
30;PCUNode2Hydro;0x3f800000;360000
30;PCUNode2Hydro;0x3f800000;360000
30;PCUNode2Hydro;0x3f800000;360000
30;PCUNode2Hydro;0x3f800000;360000
30;PCUNode2Hydro;0x3f800000;360000
30;PCUNode2Hydro;0x3f800000;360000
30;PCUNode2Hydro;0x3f800000;360000
30;PCUNode2Hydro;0x3f800000;360000
30;PCUNode2Hydro;0x3f800000;360000
30;PCUNode2Hydro;0x3f800000;360000
30;PCUNode2Hydro;0x3f800000;360000
30;PCUNode2Hydro;0x3f800000;360000
30;PCUNode2Hydro;0x3f800000;360000
30;PCUNode2Hydro;0x3f800000;360000
30;PCUNode2Hydro;0x3f800000;360000
30;PCUNode2Hydro;0x3f800000;360000
30;PCUNode2Hydro;0x3f800000;360000
30;PCUNode2Hydro;0x3f800000;360000
30;PCUNode2Hydro;0x3f800000;360000
30;PCUNode2Hydro;0x3f800000;360000
30;PCUNode2Hydro;0x3f800000;360000
30;PCUNode2Hydro;0x3f800000;360000
30;PCUNode2Hydro;0x3f800000;360000
30;PCUNode2Hydro;0x3f800000;360000
30;PCUNode2Hydro;0x3f800000;360000
30;PCUNode2Hydro;0x3f800000;360000
30;PCUNode2Hydro;0x3f800000;360000
30;PCUNode2Hydro;0x3f800000;360000
30;PCUNode2Hydro;0x3f800000;360000
30;PCUNode2Hydro;0x3f800000;360000
30;PCUNode2Hydro;0x3f800000;360000
30;PCUNode2Hydro;0x3f800000;360000
30;PCUNode2Hydro;0x3f800000;360000
30;PCUNode2Hydro;0x3f800000;360000
30;PCUNode2Hydro;0x3f800000;360000
30;PCUNode2Hydro;0x3f800000;360000
30;PCUNode2Hydro;0x3f800000;360000
30;PCUNode2Hydro;0x3f800000;360000
30;PCUNode2Hydro;0x3f800000;360000
30;PCUNode2Hydro;0x3f800000;360000
30;PCUNode2Hydro;0x3f800000;360000
30;PCUNode2Hydro;0x3f800000;360000
30;PCUNode2Hydro;0x3f800000;360000
30;PCUNode2Hydro;0x3f800000;360000
30;PCUNode2Hydro;0x3f800000;360000
30;PCUNode2Hydro;0x3f800000;360000
30;PCUNode2Hydro;0x3f800000;360000
30;PCUNode2Hydro;0x3f800000;360000
30;PCUNode2Hydro;0x3f800000;360000
30;PCUNode2Hydro;0x3f800000;360000
30;PCUNode2Hydro;0x3f800000;360000
30;PCUNode2Hydro;0x3f800000;360000
30;PCUNode2Hydro;0x3f800000;360000
30;PCUNode2Hydro;0x3f800000;360000
30;PCUNode2Hydro;0x3f800000;360000
30;PCUNode2Hydro;0x3f800000;360000
30;PCUNode2Hydro;0x3f800000;360000
30;PCUNode2Hydro;0x3f800000;360000
30;PCUNode2Hydro;0x3f800000;360000
30;PCUNode2Hydro;0x3f800000;360000
30;PCUNode2Hydro;0x3f800000;360000
30;PCUNode2Hydro;0x3f800000;360000
30;PCUNode2Hydro;0x3f800000;360000
30;PCUNode2Hydro;0x3f800000;360000
30;PCUNode2Hydro;0x3f800000;360000
30;PCUNode2Hydro;0x3f800000;360000
30;PCUNode2Hydro;0x3f800000;360000
30;PCUNode2Hydro;0x3f800000;360000
30;PCUNode2Hydro;0x3f800000;360000
30;PCUNode2Hydro;0x3f800000;360000
30;PCUNode2Hydro;0x3f800000;360000
30;PCUNode2Hydro;0x3f800000;360000
30;PCUNode2Hydro;0x3f800000;360000
30;PCUNode2Hydro;0x3f800000;360000
30;PCUNode2Hydro;0x3f800000;360000
30;PCUNode2Hydro;0x3f800000;360000
30;PCUNode2Hydro;0x3f800000;360000
30;PCUNode2Hydro;0x3f800000;360000
30;PCUNode2Hydro;0x3f800000;360000
30;PCUNode2Hydro;0x3f800000;360000
30;PCUNode2Hydro;0x3f800000;360000
30;PCUNode2Hydro;0x3f800000;360000
30;PCUNode2Hydro;0x3f800000;360000
30;PCUNode2Hydro;0x3f800000;360000
30;PCUNode2Hydro;0x3f800000;360000
30;PCUNode2Hydro;0x3f800000;360000
30;PCUNode2Hydro;0x3f800000;360000
30;PCUNode2Hydro;0x3f800000;360000
30;PCUNode2Hydro;0x3f800000;360000
30;PCUNode2Hydro;0x3f800000;360000
30;PCUNode2Hydro;0x3f800000;360000
30;PCUNode2Hydro;0x3f800000;360000
30;PCUNode2Hydro;0x3f800000;360000
30;PCUNode2Hydro;0x3f800000;360000
30;PCUNode2Hydro;0x3f800000;360000
30;PCUNode2Hydro;0x3f800000;360000
30;PCUNode2Hydro;0x3f800000;360000
30;PCUNode2Hydro;0x3f800000;360000
30;PCUNode2Hydro;0x3f800000;360000
30;PCUNode2Hydro;0x3f800000;360000
30;PCUNode2Hydro;0x3f800000;360000
30;PCUNode2Hydro;0x3f800000;360000
30;PCUNode2Hydro;0x3f800000;360000
30;PCUNode2Hydro;0x3f800000;360000
30;PCUNode2Hydro;0x3f800000;360000
30;PCUNode2Hydro;0x3f800000;360000
30;PCUNode2Hydro;0x3f800000;360000
30;PCUNode2Hydro;0x3f800000;360000
30;PCUNode2Hydro;0x3f800000;360000
30;PCUNode2Hydro;0x3f800000;360000
30;PCUNode2Hydro;0x3f800000;360000
30;PCUNode2Hydro;0x3f800000;360000
30;PCUNode2Hydro;0x3f800000;360000
30;PCUNode2Hydro;0x3f800000;360000
30;PCUNode2Hydro;0x3f800000;360000
30;PCUNode2Hydro;0x3f800000;360000
30;PCUNode2Hydro;0x3f800000;360000
30;PCUNode2Hydro;0x3f800000;360000
30;PCUNode2Hydro;0x3f800000;360000
30;PCUNode2Hydro;0x3f800000;360000
30;PCUNode2Hydro;0x3f800000;360000
30;PCUNode2Hydro;0x3f800000;360000
30;PCUNode2Hydro;0x3f800000;360000
30;PCUNode2Hydro;0x3f800000;360000
30;PCUNode2Hydro;0x3f800000;360000
30;PCUNode2Hydro;0x3f800000;360000
30;PCUNode2Hydro;0x3f800000;360000
30;PCUNode2Hydro;0x3f800000;360000
30;PCUNode2Hydro;0x3f800000;360000
30;PCUNode2Hydro;0x3f800000;360000
30;PCUNode2Hydro;0x3f800000;360000
30;PCUNode2Hydro;0x3f800000;360000
30;PCUNode2Hydro;0x3f800000;360000
30;PCUNode2Hydro;0x3f800000;360000
30;PCUNode2Hydro;0x3f800000;360000
30;PCUNode2Hydro;0x3f800000;360000
30;PCUNode2Hydro;0x3f800000;360000
30;PCUNode2Hydro;0x3f800000;360000
30;PCUNode2Hydro;0x3f800000;360000
30;PCUNode2Hydro;0x3f800000;360000
30;PCUNode2Hydro;0x3f800000;360000
30;PCUNode2Hydro;0x3f800000;360000
30;PCUNode2Hydro;0x3f800000;360000
30;PCUNode2Hydro;0x3f800000;360000
30;PCUNode2Hydro;0x3f800000;360000
30;PCUNode2Hydro;0x3f800000;360000
30;PCUNode2Hydro;0x3f800000;360000
30;PCUNode2Hydro;0x3f800000;360000
30;PCUNode2Hydro;0x3f800000;360000
30;PCUNode2Hydro;0x3f800000;360000
30;PCUNode2Hydro;0x3f800000;360000
30;PCUNode2Hydro;0x3f800000;360000
30;PCUNode2Hydro;0x3f800000;360000
30;PCUNode2Hydro;0x3f800000;360000
30;PCUNode2Hydro;0x3f800000;360000
30;PCUNode2Hydro;0x3f800000;360000
30;PCUNode2Hydro;0x3f800000;360000
30;PCUNode2Hydro;0x3f800000;360000
30;PCUNode2Hydro;0x3f800000;360000
30;PCUNode2Hydro;0x3f800000;360000
30;PCUNode2Hydro;0x3f800000;360000
30;PCUNode2Hydro;0x3f800000;360000
30;PCUNode2Hydro;0x3f800000;360000
30;PCUNode2Hydro;0x3f800000;360000
30;PCUNode2Hydro;0x3f800000;360000
30;PCUNode2Hydro;0x3f800000;360000
30;PCUNode2Hydro;0x3f800000;360000
30;PCUNode2Hydro;0x3f800000;360000
30;PCUNode2Hydro;0x3f800000;360000
30;PCUNode2Hydro;0x3f800000;360000
30;PCUNode2Hydro;0x3f800000;360000
30;PCUNode2Hydro;0x3f800000;360000
30;PCUNode2Hydro;0x3f800000;360000
30;PCUNode2Hydro;0x3f800000;360000
30;PCUNode2Hydro;0x3f800000;360000
30;PCUNode2Hydro;0x3f800000;360000
30;PCUNode2Hydro;0x3f800000;360000
30;PCUNode2Hydro;0x3f800000;360000
30;PCUNode2Hydro;0x3f800000;360000
30;PCUNode2Hydro;0x3f800000;360000
30;PCUNode2Hydro;0x3f800000;360000
30;PCUNode2Hydro;0x3f800000;360000
30;PCUNode2Hydro;0x3f800000;360000
30;PCUNode2Hydro;0x3f800000;360000
30;PCUNode2Hydro;0x3f800000;360000
30;PCUNode2Hydro;0x3f800000;360000
30;PCUNode2Hydro;0x3f800000;360000
30;PCUNode2Hydro;0x3f800000;360000
30;PCUNode2Hydro;0x3f800000;360000
30;PCUNode2Hydro;0x3f800000;360000
30;PCUNode2Hydro;0x3f800000;360000
30;PCUNode2Hydro;0x3f800000;360000
30;PCUNode2Hydro;0x3f800000;360000
30;PCUNode2Hydro;0x3f800000;360000
30;PCUNode2Hydro;0x3f800000;360000
30;PCUNode2Hydro;0x3f800000;360000
30;PCUNode2Hydro;0x3f800000;360000
30;PCUNode2Hydro;0x3f800000;360000
30;PCUNode2Hydro;0x3f800000;360000
30;PCUNode2Hydro;0x3f800000;360000
30;PCUNode2Hydro;0x3f800000;360000
30;PCUNode2Hydro;0x3f800000;360000
30;PCUNode2Hydro;0x3f800000;360000
30;PCUNode2Hydro;0x3f800000;360000
30;PCUNode2Hydro;0x3f800000;360000
30;PCUNode2Hydro;0x3f800000;360000
30;PCUNode2Hydro;0x3f800000;360000
30;PCUNode2Hydro;0x3f800000;360000
30;PCUNode2Hydro;0x3f800000;360000
30;PCUNode2Hydro;0x3f800000;360000
30;PCUNode2Hydro;0x3f800000;360000
30;PCUNode2Hydro;0x3f800000;360000
30;PCUNode2Hydro;0x3f800000;360000
30;PCUNode2Hydro;0x3f800000;360000
30;PCUNode2Hydro;0x3f800000;360000
30;PCUNode2Hydro;0x3f800000;360000
30;PCUNode2Hydro;0x3f800000;360000
30;PCUNode2Hydro;0x3f800000;360000
30;PCUNode2Hydro;0x3f800000;360000
30;PCUNode2Hydro;0x3f800000;360000
30;PCUNode2Hydro;0x3f800000;360000
30;PCUNode2Hydro;0x3f800000;360000
30;PCUNode2Hydro;0x3f800000;360000
30;PCUNode2Hydro;0x3f800000;360000
30;PCUNode2Hydro;0x3f800000;360000
30;PCUNode2Hydro;0x3f800000;360000
30;PCUNode2Hydro;0x3f800000;360000
30;PCUNode2Hydro;0x3f800000;360000
30;PCUNode2Hydro;0x3f800000;360000
30;PCUNode2Hydro;0x3f800000;360000
30;PCUNode2Hydro;0x3f800000;360000
30;PCUNode2Hydro;0x3f800000;360000
30;PCUNode2Hydro;0x3f800000;360000
30;PCUNode2Hydro;0x3f800000;360000
30;PCUNode2Hydro;0x3f800000;360000
30;PCUNode2Hydro;0x3f800000;360000
30;PCUNode2Hydro;0x3f800000;360000
30;PCUNode2Hydro;0x3f800000;360000
30;PCUNode2Hydro;0x3f800000;360000
30;PCUNode2Hydro;0x3f800000;360000
30;PCUNode2Hydro;0x3f800000;360000
30;PCUNode2Hydro;0x3f800000;360000
30;PCUNode2Hydro;0x3f800000;360000
30;PCUNode2Hydro;0x3f800000;360000
30;PCUNode2Hydro;0x3f800000;360000
30;PCUNode2Hydro;0x3f800000;360000
30;PCUNode2Hydro;0x3f800000;360000
30;PCUNode2Hydro;0x3f800000;360000
30;PCUNode2Hydro;0x3f800000;360000
30;PCUNode2Hydro;0x3f800000;360000
30;PCUNode2Hydro;0x3f800000;360000
30;PCUNode2Hydro;0x3f800000;360000
30;PCUNode2Hydro;0x3f800000;360000
30;PCUNode2Hydro;0x3f800000;360000
30;PCUNode2Hydro;0x3f800000;360000
30;PCUNode2Hydro;0x3f800000;360000
30;PCUNode2Hydro;0x3f800000;360000
30;PCUNode2Hydro;0x3f800000;360000
30;PCUNode2Hydro;0x3f800000;360000
30;PCUNode2Hydro;0x3f800000;360000
30;PCUNode2Hydro;0x3f800000;360000
30;PCUNode2Hydro;0x3f800000;360000
30;PCUNode2Hydro;0x3f800000;360000
30;PCUNode2Hydro;0x3f800000;360000
30;PCUNode2Hydro;0x3f800000;360000
30;PCUNode2Hydro;0x3f800000;360000
30;PCUNode2Hydro;0x3f800000;360000
30;PCUNode2Hydro;0x3f800000;360000
30;PCUNode2Hydro;0x3f800000;360000
30;PCUNode2Hydro;0x3f800000;360000
30;PCUNode2Hydro;0x3f800000;360000
30;PCUNode2Hydro;0x3f800000;360000
30;PCUNode2Hydro;0x3f800000;360000
30;PCUNode2Hydro;0x3f800000;360000
30;PCUNode2Hydro;0x3f800000;360000
30;PCUNode2Hydro;0x3f800000;360000
30;PCUNode2Hydro;0x3f800000;360000
30;PCUNode2Hydro;0x3f800000;360000
30;PCUNode2Hydro;0x3f800000;360000
30;PCUNode2Hydro;0x3f800000;360000
30;PCUNode2Hydro;0x3f800000;360000
30;PCUNode2Hydro;0x3f800000;360000
30;PCUNode2Hydro;0x3f800000;360000
30;PCUNode2Hydro;0x3f800000;360000
30;PCUNode2Hydro;0x3f800000;360000
30;PCUNode2Hydro;0x3f800000;360000
30;PCUNode2Hydro;0x3f800000;360000
30;PCUNode2Hydro;0x3f800000;360000
30;PCUNode2Hydro;0x3f800000;360000
30;PCUNode2Hydro;0x3f800000;360000
30;PCUNode2Hydro;0x3f800000;360000
30;PCUNode2Hydro;0x3f800000;360000
30;PCUNode2Hydro;0x3f800000;360000
30;PCUNode2Hydro;0x3f800000;360000
30;PCUNode2Hydro;0x3f800000;360000
30;PCUNode2Hydro;0x3f800000;360000
30;PCUNode2Hydro;0x3f800000;360000
30;PCUNode2Hydro;0x3f800000;360000
30;PCUNode2Hydro;0x3f800000;360000
30;PCUNode2Hydro;0x3f800000;360000
30;PCUNode2Hydro;0x3f800000;360000
30;PCUNode2Hydro;0x3f800000;360000
30;PCUNode2Hydro;0x3f800000;360000
30;PCUNode2Hydro;0x3f800000;360000
30;PCUNode2Hydro;0x3f800000;360000
30;PCUNode2Hydro;0x3f800000;360000
30;PCUNode2Hydro;0x3f800000;360000
30;PCUNode2Hydro;0x3f800000;360000
30;PCUNode2Hydro;0x3f800000;360000
30;PCUNode2Hydro;0x3f800000;360000
30;PCUNode2Hydro;0x3f800000;360000
30;PCUNode2Hydro;0x3f800000;360000
30;PCUNode2Hydro;0x3f800000;360000
30;PCUNode2Hydro;0x3f800000;360000
30;PCUNode2Hydro;0x3f800000;360000
30;PCUNode2Hydro;0x3f800000;360000
30;PCUNode2Hydro;0x3f800000;360000
30;PCUNode2Hydro;0x3f800000;360000
30;PCUNode2Hydro;0x3f800000;360000
30;PCUNode2Hydro;0x3f800000;360000
30;PCUNode2Hydro;0x3f800000;360000
30;PCUNode2Hydro;0x3f800000;360000
30;PCUNode2Hydro;0x3f800000;360000
30;PCUNode2Hydro;0x3f800000;360000
30;PCUNode2Hydro;0x3f800000;360000
30;PCUNode2Hydro;0x3f800000;360000
30;PCUNode2Hydro;0x3f800000;360000
30;PCUNode2Hydro;0x3f800000;360000
30;PCUNode2Hydro;0x3f800000;360000
30;PCUNode2Hydro;0x3f800000;360000
30;PCUNode2Hydro;0x3f800000;360000
30;PCUNode2Hydro;0x3f800000;360000
30;PCUNode2Hydro;0x3f800000;360000
30;PCUNode2Hydro;0x3f800000;360000
30;PCUNode2Hydro;0x3f800000;360000
30;PCUNode2Hydro;0x3f800000;360000
30;PCUNode2Hydro;0x3f800000;360000
30;PCUNode2Hydro;0x3f800000;360000
30;PCUNode2Hydro;0x3f800000;360000
30;PCUNode2Hydro;0x3f800000;360000
30;PCUNode2Hydro;0x3f800000;360000
30;PCUNode2Hydro;0x3f800000;360000
30;PCUNode2Hydro;0x3f800000;360000
30;PCUNode2Hydro;0x3f800000;360000
30;PCUNode2Hydro;0x3f800000;360000
30;PCUNode2Hydro;0x3f800000;360000
30;PCUNode2Hydro;0x3f800000;360000
30;PCUNode2Hydro;0x3f800000;360000
30;PCUNode2Hydro;0x3f800000;360000
30;PCUNode2Hydro;0x3f800000;360000
30;PCUNode2Hydro;0x3f800000;360000
30;PCUNode2Hydro;0x3f800000;360000
30;PCUNode2Hydro;0x3f800000;360000
30;PCUNode2Hydro;0x3f800000;360000
30;PCUNode2Hydro;0x3f800000;360000
30;PCUNode2Hydro;0x3f800000;360000
30;PCUNode2Hydro;0x3f800000;360000
30;PCUNode2Hydro;0x3f800000;360000
30;PCUNode2Hydro;0x3f800000;360000
30;PCUNode2Hydro;0x3f800000;360000
30;PCUNode2Hydro;0x3f800000;360000
30;PCUNode2Hydro;0x3f800000;360000
30;PCUNode2Hydro;0x3f800000;360000
30;PCUNode2Hydro;0x3f800000;360000
30;PCUNode2Hydro;0x3f800000;360000
30;PCUNode2Hydro;0x3f800000;360000
30;PCUNode2Hydro;0x3f800000;360000
30;PCUNode2Hydro;0x3f800000;360000
30;PCUNode2Hydro;0x3f800000;360000
30;PCUNode2Hydro;0x3f800000;360000
30;PCUNode2Hydro;0x3f800000;360000
30;PCUNode2Hydro;0x3f800000;360000
30;PCUNode2Hydro;0x3f800000;360000
30;PCUNode2Hydro;0x3f800000;360000
30;PCUNode2Hydro;0x3f800000;360000
30;PCUNode2Hydro;0x3f800000;360000
30;PCUNode2Hydro;0x3f800000;360000
30;PCUNode2Hydro;0x3f800000;360000
30;PCUNode2Hydro;0x3f800000;360000
30;PCUNode2Hydro;0x3f800000;360000
30;PCUNode2Hydro;0x3f800000;360000
30;PCUNode2Hydro;0x3f800000;360000
30;PCUNode2Hydro;0x3f800000;360000
30;PCUNode2Hydro;0x3f800000;360000
30;PCUNode2Hydro;0x3f800000;360000
30;PCUNode2Hydro;0x3f800000;360000
30;PCUNode2Hydro;0x3f800000;360000
30;PCUNode2Hydro;0x3f800000;360000
30;PCUNode2Hydro;0x3f800000;360000
30;PCUNode2Hydro;0x3f800000;360000
30;PCUNode2Hydro;0x3f800000;360000
30;PCUNode2Hydro;0x3f800000;360000
30;PCUNode2Hydro;0x3f800000;360000
30;PCUNode2Hydro;0x3f800000;360000
30;PCUNode2Hydro;0x3f800000;360000
30;PCUNode2Hydro;0x3f800000;360000
30;PCUNode2Hydro;0x3f800000;360000
30;PCUNode2Hydro;0x3f800000;360000
30;PCUNode2Hydro;0x3f800000;360000
30;PCUNode2Hydro;0x3f800000;360000
30;PCUNode2Hydro;0x3f800000;360000
30;PCUNode2Hydro;0x3f800000;360000
30;PCUNode2Hydro;0x3f800000;360000
30;PCUNode2Hydro;0x3f800000;360000
30;PCUNode2Hydro;0x3f800000;360000
30;PCUNode2Hydro;0x3f800000;360000
30;PCUNode2Hydro;0x3f800000;360000
30;PCUNode2Hydro;0x3f800000;360000
30;PCUNode2Hydro;0x3f800000;360000
30;PCUNode2Hydro;0x3f800000;360000
30;PCUNode2Hydro;0x3f800000;360000
30;PCUNode2Hydro;0x3f800000;360000
30;PCUNode2Hydro;0x3f800000;360000
30;PCUNode2Hydro;0x3f800000;360000
30;PCUNode2Hydro;0x3f800000;360000
30;PCUNode2Hydro;0x3f800000;360000
30;PCUNode2Hydro;0x3f800000;360000
30;PCUNode2Hydro;0x3f800000;360000
30;PCUNode2Hydro;0x3f800000;360000
30;PCUNode2Hydro;0x3f800000;360000
30;PCUNode2Hydro;0x3f800000;360000
30;PCUNode2Hydro;0x3f800000;360000
30;PCUNode2Hydro;0x3f800000;360000
30;PCUNode2Hydro;0x3f800000;360000
30;PCUNode2Hydro;0x3f800000;360000
30;PCUNode2Hydro;0x3f800000;360000
30;PCUNode2Hydro;0x3f800000;360000
30;PCUNode2Hydro;0x3f800000;360000
30;PCUNode2Hydro;0x3f800000;360000
30;PCUNode2Hydro;0x3f800000;360000
30;PCUNode2Hydro;0x3f800000;360000
30;PCUNode2Hydro;0x3f800000;360000
30;PCUNode2Hydro;0x3f800000;360000
30;PCUNode2Hydro;0x3f800000;360000
30;PCUNode2Hydro;0x3f800000;360000
30;PCUNode2Hydro;0x3f800000;360000
30;PCUNode2Hydro;0x3f800000;360000
30;PCUNode2Hydro;0x3f800000;360000
30;PCUNode2Hydro;0x3f800000;360000
30;PCUNode2Hydro;0x3f800000;360000
30;PCUNode2Hydro;0x3f800000;360000
30;PCUNode2Hydro;0x3f800000;360000
30;PCUNode2Hydro;0x3f800000;360000
30;PCUNode2Hydro;0x3f800000;360000
30;PCUNode2Hydro;0x3f800000;360000
30;PCUNode2Hydro;0x3f800000;360000
30;PCUNode2Hydro;0x3f800000;360000
30;PCUNode2Hydro;0x3f800000;360000
30;PCUNode2Hydro;0x3f800000;360000
30;PCUNode2Hydro;0x3f800000;360000
30;PCUNode2Hydro;0x3f800000;360000
30;PCUNode2Hydro;0x3f800000;360000
30;PCUNode2Hydro;0x3f800000;360000
30;PCUNode2Hydro;0x3f800000;360000
30;PCUNode2Hydro;0x3f800000;360000
30;PCUNode2Hydro;0x3f800000;360000
30;PCUNode2Hydro;0x3f800000;360000
30;PCUNode2Hydro;0x3f800000;360000
30;PCUNode2Hydro;0x3f800000;360000
30;PCUNode2Hydro;0x3f800000;360000
30;PCUNode2Hydro;0x3f800000;360000
30;PCUNode2Hydro;0x3f800000;360000
30;PCUNode2Hydro;0x3f800000;360000
30;PCUNode2Hydro;0x3f800000;360000
30;PCUNode2Hydro;0x3f800000;360000
30;PCUNode2Hydro;0x3f800000;360000
30;PCUNode2Hydro;0x3f800000;360000
30;PCUNode2Hydro;0x3f800000;360000
30;PCUNode2Hydro;0x3f800000;360000
30;PCUNode2Hydro;0x3f800000;360000
30;PCUNode2Hydro;0x3f800000;360000
30;PCUNode2Hydro;0x3f800000;360000
30;PCUNode2Hydro;0x3f800000;360000
30;PCUNode2Hydro;0x3f800000;360000
30;PCUNode2Hydro;0x3f800000;360000
30;PCUNode2Hydro;0x3f800000;360000
30;PCUNode2Hydro;0x3f800000;360000
30;PCUNode2Hydro;0x3f800000;360000
30;PCUNode2Hydro;0x3f800000;360000
30;PCUNode2Hydro;0x3f800000;360000
30;PCUNode2Hydro;0x3f800000;360000
30;PCUNode2Hydro;0x3f800000;360000
30;PCUNode2Hydro;0x3f800000;360000
30;PCUNode2Hydro;0x3f800000;360000
30;PCUNode2Hydro;0x3f800000;360000
30;PCUNode2Hydro;0x3f800000;360000
30;PCUNode2Hydro;0x3f800000;360000
30;PCUNode2Hydro;0x3f800000;360000
30;PCUNode2Hydro;0x3f800000;360000
30;PCUNode2Hydro;0x3f800000;360000
30;PCUNode2Hydro;0x3f800000;360000
30;PCUNode2Hydro;0x3f800000;360000
30;PCUNode2Hydro;0x3f800000;360000
30;PCUNode2Hydro;0x3f800000;360000
30;PCUNode2Hydro;0x3f800000;360000
30;PCUNode2Hydro;0x3f800000;360000
30;PCUNode2Hydro;0x3f800000;360000
30;PCUNode2Hydro;0x3f800000;360000
30;PCUNode2Hydro;0x3f800000;360000
30;PCUNode2Hydro;0x3f800000;360000
30;PCUNode2Hydro;0x3f800000;360000
30;PCUNode2Hydro;0x3f800000;360000
30;PCUNode2Hydro;0x3f800000;360000
30;PCUNode2Hydro;0x3f800000;360000
30;PCUNode2Hydro;0x3f800000;360000
30;PCUNode2Hydro;0x3f800000;360000
30;PCUNode2Hydro;0x3f800000;360000
30;PCUNode2Hydro;0x3f800000;360000
30;PCUNode2Hydro;0x3f800000;360000
30;PCUNode2Hydro;0x3f800000;360000
30;PCUNode2Hydro;0x3f800000;360000
30;PCUNode2Hydro;0x3f800000;360000
30;PCUNode2Hydro;0x3f800000;360000
30;PCUNode2Hydro;0x3f800000;360000
30;PCUNode2Hydro;0x3f800000;360000
30;PCUNode2Hydro;0x3f800000;360000
30;PCUNode2Hydro;0x3f800000;360000
30;PCUNode2Hydro;0x3f800000;360000
30;PCUNode2Hydro;0x3f800000;360000
30;PCUNode2Hydro;0x3f800000;360000
30;PCUNode2Hydro;0x3f800000;360000
30;PCUNode2Hydro;0x3f800000;360000
30;PCUNode2Hydro;0x3f800000;360000
30;PCUNode2Hydro;0x3f800000;360000
30;PCUNode2Hydro;0x3f800000;360000
30;PCUNode2Hydro;0x3f800000;360000
30;PCUNode2Hydro;0x3f800000;360000
30;PCUNode2Hydro;0x3f800000;360000
30;PCUNode2Hydro;0x3f800000;360000
30;PCUNode2Hydro;0x3f800000;360000
30;PCUNode2Hydro;0x3f800000;360000
30;PCUNode2Hydro;0x3f800000;360000
30;PCUNode2Hydro;0x3f800000;360000
30;PCUNode2Hydro;0x3f800000;360000
30;PCUNode2Hydro;0x3f800000;360000
30;PCUNode2Hydro;0x3f800000;360000
30;PCUNode2Hydro;0x3f800000;360000
30;PCUNode2Hydro;0x3f800000;360000
30;PCUNode2Hydro;0x3f800000;360000
30;PCUNode2Hydro;0x3f800000;360000
30;PCUNode2Hydro;0x3f800000;360000
